,Depth,Air Permeability,Corrected Perm,porosity,Klinkenberg Perm
2,10277.2,0.0,0.0,5.82,0.0
3,10278.3,0.0,0.0,6.596,0.0
4,10279.2,0.0,0.0,3.492,0.0
5,10280.0,0.1,0.08939384455496113,6.111,0.08781055818098381
8,10282.0,0.3,0.2681749377004054,8.341999999999999,0.26481674712164527
9,10282.8,1.1,0.9832984324718639,5.4319999999999995,0.9775730968018693
10,10283.8,0.0,0.0,8.341999999999999,0.0
11,10284.8,0.9,0.8044971181565365,9.118,0.798052573763191
14,10286.7,0.5,0.44693240585576827,8.827,0.4423536756662566
15,10287.8,0.0,0.0,9.312,0.0
16,10288.6,0.0,0.0,5.141,0.0
17,10289.5,0.8,0.715067245735081,8.148,0.7093254552217231
18,10290.3,1.2,1.0725903264990104,9.215,1.0649918450736997
20,10290.8,1.3,1.1619657163894044,9.408999999999999,1.1539475761532236
21,10291.7,0.8,0.7150479201918971,9.118,0.7090126552306495
22,10292.7,0.9,0.8044190297601354,8.827,0.7980668586362472
23,10293.1,0.4,0.35751781240642355,8.924,0.3534555690456238
29,10297.8,1.6,1.4299887255581603,8.924,1.4211989784090353
30,10298.8,1.1,0.9831051816636456,9.312,0.9758324042144204
32,10299.8,0.5,0.4468605072601695,8.73,0.44230451563256634
33,10300.8,0.6,0.536226028225601,9.021,0.5311089855989172
34,10301.6,0.4,0.3574805096078771,9.893999999999998,0.35322904188518284
35,10302.7,0.9,0.804320291254297,10.476,0.797467482019152
36,10303.6,0.1,0.08936793451907712,9.021,0.0874901962629197
38,10304.4,1.0,0.8936705751500215,9.506,0.8867103144449878
39,10305.4,0.0,0.0,5.82,0.0
40,10306.4,0.0,0.0,7.856999999999999,0.0
41,10307.2,0.1,0.08936398867119687,9.893999999999998,0.08740887432995977
44,10309.2,0.8,0.7148943782243729,10.573,0.708450680490741
45,10310.0,0.3,0.2680827626087832,10.476,0.26437032684738626
46,10311.0,0.6,0.5361589528713435,10.088,0.5307827151116093
47,10312.0,0.7,0.6255111115420189,9.021,0.6199356166390235
48,10312.8,0.8,0.7148628328738981,10.185,0.7085251378038805
50,10313.7,0.6,0.5361412115148684,10.379,0.5306969949410093
51,10314.8,0.9,0.8042009778278322,10.185,0.7974337581681437
52,10315.5,1.5,1.3403234679190406,10.767,1.331107271094324
54,10317.6,0.2,0.17870519845100746,9.603,0.1758578063490383
58,10320.3,1.5,1.3402446704262738,9.796999999999999,1.3314070926812651
59,10321.1,4.6,4.110043395344592,10.185,4.0932902318620465
64,10324.9,0.6,0.5360676796356142,10.185,0.5306691400214261
65,10325.9,0.3,0.26803055956594124,10.088,0.26437977871176416
66,10326.5,0.4,0.35737145547344734,9.796999999999999,0.35313916971854636
69,10328.7,100.0,89.34045898965603,21.825,89.21084057787843
71,10330.4,49.0,43.775914544830755,22.212999999999997,43.68790747282338
72,10331.4,79.0,70.57663165239002,21.825,70.46287507275774
74,10332.2,110.0,98.27029779906206,22.697999999999997,98.13124617633054
75,10333.2,3.9,3.4840861344506977,24.056,3.461686756800215
76,10334.2,33.0,29.480368363712593,23.571,29.40777632447307
77,10334.7,270.0,241.20153938366062,24.929,240.9631927972589
78,10335.7,1.6,1.4293249816172058,15.132,1.4182161702301495
80,10336.5,19.0,16.97306817181932,20.467000000000002,16.922872361185235
81,10340.1,460.0,410.90883481246675,22.212999999999997,410.60483850457086
82,10341.1,380.0,339.4422813861132,24.056,339.15887298141155
83,10342.0,370.0,330.50595577901345,28.227,330.2060298326638
84,10342.7,430.0,384.09823171283625,26.578,383.78094330106313
86,10343.7,490.0,437.687987559697,27.354,437.3425063216652
87,10344.6,250.0,223.30774310340632,25.026,223.07895437061416
88,10345.7,170.0,151.84722548466718,24.832,151.66305661741225
89,10346.7,350.0,312.62282333065923,25.607999999999997,312.34436616220677
90,10347.5,430.0,384.0757171372863,27.16,383.75535456574045
92,10348.5,190.0,169.70580317465502,23.959,169.51304790333066
93,10349.5,400.0,357.2710138617845,26.675,356.9656903870056
94,10350.4,460.0,410.8571525704593,26.287,410.5294319448084
95,10351.4,320.0,285.8101831561847,26.481,285.5412100969219
96,10352.4,190.0,169.69772538086247,24.637999999999998,169.50255507001532
98,10353.0,350.0,312.59878443583375,25.996,312.31846280581533
99,10354.0,270.0,241.14469146084838,24.444,240.90845769711487
100,10355.0,160.0,142.89881455853575,22.988999999999997,142.72676160131275
101,10356.1,270.0,241.1385138930049,24.735,240.9010317418504
102,10356.8,100.0,89.30979816664663,23.28,89.17641698594925
104,10357.6,350.0,312.5812437200704,25.317,312.3042245921761
105,10358.1,270.0,241.1326319433353,24.832,240.89473757224724
106,10362.2,160.0,142.8862686576807,22.503999999999998,142.71585413057335
107,10363.2,270.0,241.1176393606885,21.534,240.89441983606008
108,10364.1,100.0,89.30184983806622,19.787999999999997,89.17780780710568
110,10365.0,710.0,634.03617976176,21.243,633.6573622534414
111,10366.0,1600.0,1428.7965157783103,22.697999999999997,1428.184878182565
112,10367.1,1000.0,892.9858541864431,23.668,892.5053595181324
113,10367.5,1300.0,1160.875953268096,23.862000000000002,1160.318372331346
114,10368.5,710.0,634.0091432139244,23.571,633.612321950352
116,10369.6,680.0,607.2118885647786,22.697999999999997,606.830913895086
117,10370.1,620.0,553.6309974693412,22.697999999999997,553.2690060076048
118,10371.0,470.0,419.6834141080142,23.862000000000002,419.36584590032436
119,10372.0,130.0,116.08123287307876,24.444,115.92362011379073
120,10373.4,920.0,821.4839523899827,25.705,821.0079003109581
122,10374.5,1200.0,1071.4864583759006,26.384,1070.9285655600854
123,10375.1,1100.0,982.1887463628774,26.287,981.6579495196419
124,10375.5,1100.0,982.1839641055819,27.063,981.6462246598531
125,10376.6,250.0,223.2206395631239,25.122999999999998,222.99150475207398
126,10377.6,680.0,607.1527504413394,24.832,606.7561937280295
128,10378.5,530.0,473.21681397057085,24.637999999999998,472.8725473684226
129,10379.5,200.0,178.5702098386246,22.212999999999997,178.37853176619768
130,10380.5,650.0,580.3461212462006,26.384,579.948732292435
131,10381.3,350.0,312.4910240685695,24.25,312.21932472125496
132,10382.3,1300.0,1160.6668281186016,28.032999999999998,1160.0676962801376
134,10382.6,1900.0,1696.3530204228991,28.323999999999998,1695.6105135252644
135,10383.3,2600.0,2321.3054227663665,29.099999999999998,2320.411504331072
136,10384.2,1300.0,1160.6400077627122,28.615,1160.0353580041804
137,10385.0,680.0,607.0980980193376,26.481,606.6900071820296
138,10386.2,1100.0,982.056123553936,32.300999999999995,981.4741965058516
140,10387.2,970.0,865.9844169628029,28.517999999999997,865.4709898698476
141,10388.3,1300.0,1160.5821529827506,28.906,1159.9747805028148
142,10389.3,1300.0,1160.568046354189,29.391,1159.9561460376615
143,10390.2,1000.0,892.7348860208458,29.197,892.2072262137074
144,10391.5,910.0,812.3759123852747,28.13,811.8833444285233
146,10392.3,700.0,624.8984735332647,28.227,624.4718073853354
147,10392.9,460.0,410.64457473294266,26.966,410.31319481979097
148,10393.9,110.0,98.19642271373617,22.988999999999997,98.05663636728917
149,10394.9,620.0,553.4640229184315,27.257,553.0712569337807
150,10395.7,650.0,580.2389018758139,27.839,579.8319106216314
152,10396.7,650.0,580.2318547806375,27.742,579.8255003099896
153,10397.5,690.0,615.9324464908723,27.257,615.5157387058443
154,10398.4,680.0,606.999255566916,27.742,606.5826332815368
155,10399.4,750.0,669.4763444020525,27.936,669.035144164079
156,10400.4,990.0,883.6980460702953,29.391,883.1717935132905
158,10401.2,930.0,830.1325269356059,28.032999999999998,829.6347996960347
159,10402.8,880.0,785.4864913615468,28.615,784.9993054505634
160,10403.7,1600.0,1428.141658090305,26.092999999999996,1427.4908815912286
161,10404.7,1100.0,981.8354754335095,28.227,981.2876310699769
162,10405.5,140.0,124.95966570826772,25.705,124.7917610640077
164,10422.2,1100.0,981.6272005400737,24.056,981.1171858607269
165,10423.4,850.0,758.519085878814,24.25,758.0752846452402
166,10424.4,1100.0,981.6010479879376,25.413999999999998,981.0783733303771
167,10424.8,1600.0,1427.7764272154564,26.481,1427.1214374179337
170,10426.6,1200.0,1070.8089842719478,25.413999999999998,1070.260541976974
171,10427.8,350.0,312.31475030234714,24.056,312.0441083874217
172,10428.7,3200.0,2855.4180401595895,26.384,2854.4585650725257
173,10429.8,120.0,107.07675100767565,21.146,106.93547119605492
174,10430.2,140.0,124.92227147242471,19.884999999999998,124.77257309294367
176,10482.2,3500.0,3121.0975592704094,27.839,3120.0652174719016
177,10483.2,4000.0,3566.9257131240333,27.16,3565.826437978881
178,10484.5,2800.0,2496.8089417460947,27.548,2495.900762877458
179,10485.2,4500.0,4012.694860624486,28.906,4011.488474645722
180,10486.2,3500.0,3120.947344494217,27.16,3119.926358090629
182,10487.3,3600.0,3210.074791975578,26.481,3209.0494450012725
183,10488.2,2400.0,2140.0266949464403,27.645,2139.191457523778
184,10489.2,2500.0,2229.1676639519505,24.056,2228.364825050079
185,10489.8,3200.0,2853.3140217421487,28.808999999999997,2852.316504056224
186,10491.1,1300.0,1159.1407015133966,25.026,1158.571599607445
188,10492.1,1900.0,1694.1083489396615,27.839,1693.3720894400897
189,10494.1,110.0,98.07759898110626,26.384,97.92904847435227
190,10495.1,2500.0,2229.0095490063204,26.772000000000002,2228.167436406913
191,10496.0,1400.0,1248.2318460388194,27.451,1247.6139338140024
192,10497.1,530.0,472.5386667940371,26.189999999999998,472.18515781195254
194,10498.2,4300.0,3833.7536063417865,30.846,3832.5426348591773
195,10499.4,2800.0,2496.361707062416,26.772000000000002,2495.465138670846
196,10500.4,2800.0,2496.3317191693905,28.227,2495.413702408534
197,10501.3,3900.0,3476.9958781856712,30.458,3475.8550691284768
198,10502.2,2500.0,2228.8194194427156,27.936,2227.9611797358875
200,10502.8,3400.0,3031.1725687443527,29.973,3030.1227031474086
201,10503.7,2400.0,2139.628100514699,28.906,2138.776137389736
202,10504.6,2200.0,1961.3045635877684,29.488,1960.4853776628008
203,10505.4,1400.0,1248.0909160751564,26.966,1247.4779437700438
204,10506.4,3100.0,2763.596707931002,27.063,2762.6436642869658
206,10507.5,1100.0,980.6181415037197,26.287,980.0878144144004
208,10509.3,1700.0,1515.4680241132962,27.063,1514.7844690133459
209,10510.6,69.0,61.50921318441593,18.721,61.41077254272298
210,10511.0,90.0,80.22902343222644,18.817999999999998,80.11471835662812
212,10512.0,55.0,49.02825940081506,16.296,48.946648410391155
213,10512.2,27.0,24.068360499670593,15.617,24.01436498322296
214,10513.1,2.2,1.961104496097982,12.222,1.9490573428093874
215,10513.2,110.0,98.0551071770456,17.848,97.9303556915257
216,10514.2,230.0,205.02185567244626,18.333,204.83194758321855
218,10515.3,970.0,864.6459835360471,22.019,864.1889715821586
219,10516.2,160.0,142.62047851296663,19.206,142.46186846866294
220,10516.9,51.0,45.459895921100866,18.042,45.377992946921815
221,10517.5,6.0,5.348184571282278,14.841000000000001,5.325258400900349
222,10518.4,6.9,6.150345887764784,14.549999999999999,6.125788694680093
224,10519.5,16.0,14.261483546132522,15.52,14.221192546696525
225,10520.2,67.0,59.71946121760145,19.787999999999997,59.62019161840773
226,10521.2,180.0,160.4384204391663,21.922,160.25883231409577
227,10521.9,770.0,686.31415151759,26.092999999999996,685.8802773051863
228,10522.9,1300.0,1158.6983173274862,23.377000000000002,1158.146402150241
230,10523.9,380.0,338.69237254964196,20.176,338.4306970555355
231,10524.9,130.0,115.86705490979121,17.46,115.73156388095427
232,10525.8,1100.0,980.4029700367034,24.832,979.8860266549807
233,10526.6,660.0,588.2361444407971,22.407,587.8639552214892
234,10527.6,1800.0,1604.2611769096743,25.607999999999997,1603.5729530344252
236,10528.4,740.0,659.5232753474181,23.765,659.1162088319162
237,10529.9,1500.0,1336.8474885199798,24.25,1336.2402669922478
238,10530.6,220.0,196.069321460775,19.206,195.8801591148786
239,10531.4,210.0,187.15528679885017,18.333,186.97472369863297
240,10532.3,130.0,115.85678626666949,15.713999999999999,115.72752779946762
242,10533.3,110.0,98.03149170517133,18.139,97.90585300336511
243,10534.3,240.0,213.8843307137018,19.4,213.6849485263245
244,10535.3,9.8,8.733505638180262,11.737,8.706399082358745
245,10536.3,72.0,64.16376331342153,12.998,64.0781366186166
246,10537.6,94.0,83.7680545258782,15.229,83.66153752169936
248,10538.4,61.0,54.35960015325941,17.266000000000002,54.270929780833164
249,10539.4,70.0,62.3791227211455,13.871,62.292340787242296
250,10539.9,510.0,454.4737470853375,23.668,454.14307956873813
251,10541.0,63.0,56.140135928383245,14.453,56.05675648231767
252,10541.9,22.0,19.60428087547259,14.646999999999998,19.557445287716487
254,10542.6,29.0,25.841790263384187,12.318999999999999,25.791265216582428
255,10543.5,20.0,17.821732504151026,14.549999999999999,17.77743804870337
256,10544.6,32.0,28.514396944304796,17.072,28.452681241023008
257,10945.3,120.0,106.42807572328881,14.549999999999999,106.30891575730288
258,10546.1,34.0,30.296003420823325,13.192,30.239115018601947
260,10547.0,1.3,1.158364138426724,7.953999999999999,1.150935163300834
262,10549.5,420.0,374.229539137106,19.884999999999998,373.95479882549665
263,10550.3,420.0,374.22596141652025,20.564,373.9470711086982
264,10551.3,97.0,86.42734405684314,14.938,86.31989771786179
266,10552.5,27.0,24.05675085359342,16.683999999999997,24.001154994398018
267,10553.4,37.0,32.966304124346976,13.677,32.90572304737058
268,10554.1,240.0,213.8336981467756,18.333,213.63931545970948
269,10555.1,530.0,472.2104430408448,20.467000000000002,471.89392239093235
270,10556.1,7.4,6.593048197368924,12.513,6.569183526100869
272,10556.8,51.0,45.43819556881113,15.907999999999998,45.360786726578795
273,10557.8,39.0,34.74644051840288,17.363,34.67706236990847
274,10559.0,41.0,36.52778589612714,15.617,36.45975373368563
275,10559.6,75.0,66.81864190221832,17.46,66.71874145715941
276,10560.6,150.0,133.63568848665966,18.817999999999998,133.4840772067845
278,10561.6,42.0,37.417546138775265,14.549999999999999,37.35074414786351
279,10562.9,62.0,55.234568247457595,17.072,55.145560372835234
280,10563.8,6.6,5.879745727029077,17.363,5.853833519271718
281,10564.7,110.0,97.99470971083619,16.974999999999998,97.8727618208617
282,10565.3,69.0,61.46896875944621,15.811,61.37771067254161
284,10566.3,250.0,222.71099780820992,19.884999999999998,222.50484230437237
285,10567.4,970.0,864.107332290132,23.474,863.6372292267436
286,10568.5,400.0,356.32824516297626,20.952,356.05454042928886
287,10569.7,1200.0,1068.9694363062722,16.877999999999997,1068.513084378322
288,10570.9,780.0,694.8201905033987,23.571,694.4027424211386
290,10572.6,560.0,498.8351536004186,21.437,498.50206059192936
291,10573.6,200.0,178.15328809120066,19.206,177.97389619707212
292,10574.5,200.0,178.1513767819337,19.012,177.9727973896609
293,10575.2,410.0,365.2072752067826,19.982,364.93563014855033
294,10576.2,6.3,5.611654662722856,13.774,5.5888776973334995
296,10577.2,41.0,36.5198570282733,17.557000000000002,36.44818499078611
297,10577.7,190.0,169.23735348589136,22.212999999999997,169.05128657688795
298,10578.8,40.0,35.62844953986905,17.072,35.55862984109355
299,10579.5,150.0,133.6055714973217,21.825,133.4436062687861
300,10580.2,32.0,28.50228422607173,15.713999999999999,28.442822610051362
302,10580.6,65.0,57.89498895755785,19.787999999999997,57.79741036184631
303,10581.6,49.0,43.64339487302665,19.012,43.56142787972943
304,10582.5,380.0,338.45535249630456,23.474,338.17547854656937
305,10583.5,270.0,240.478570650482,25.511,240.23815481209942
306,10584.2,160.0,142.50463172353972,21.34,142.338456737169
308,10585.2,120.0,106.87720114407665,22.988999999999997,106.73070295102616
309,10585.9,180.0,160.31446556540774,22.407,160.13319172831842
310,10586.8,760.0,676.8760463299454,25.705,676.4483554615148
311,10588.1,1000.0,890.6125940717492,25.22,890.1189973536419
312,10589.1,680.0,605.6093555184376,23.571,605.2224695481266
314,10590.4,500.0,445.294107182519,22.988999999999997,444.9713756397148
315,10591.0,1300.0,1157.7564121479934,25.802,1157.1798739426704
316,10592.0,1300.0,1157.7426358666564,25.607999999999997,1157.168042212809
317,10593.0,1000.0,890.5606624334997,25.511,890.0645453885237
318,10593.3,500.0,445.2787419462691,24.637999999999998,444.9458744545307
320,10594.1,1300.0,1157.7137108124061,27.548,1157.1200696413935
321,10595.1,1700.0,1513.915305397994,25.705,1513.2476728068254
322,10596.1,410.0,365.1164073380033,22.697999999999997,364.82889008408165
323,10597.1,720.0,641.1724069130819,25.898999999999997,640.7559525161986
324,10598.2,1400.0,1246.7078164472632,26.092999999999996,1246.1041614262317
326,10599.2,1400.0,1246.692992677615,26.287,1246.0873405224404
327,10600.1,1600.0,1424.7767459827455,26.287,1424.1246635988389
328,10601.1,1900.0,1691.9022722536927,25.996,1691.188718667203
329,10602.2,2400.0,2137.1117683572134,26.578,2136.291710871476
330,10603.4,1700.0,1513.7659123629646,25.898999999999997,1513.096069702126
332,10604.2,2600.0,2315.149384333939,27.451,2314.2797441800994
333,10604.9,2400.0,2137.0431935268384,26.578,2136.2231505971913
334,10606.0,1900.0,1691.8037488452865,26.384,1691.0854793326087
335,10607.1,1000.0,890.4113889092063,24.637999999999998,889.9229749594856
336,10608.1,720.0,641.0885841143846,24.153,640.6849431127612
338,10609.0,180.0,160.270432636955,20.952,160.0945390984584
339,10610.0,830.0,739.0159951790471,22.794999999999998,738.5904704699741
340,10611.1,950.0,845.8506313188886,24.056,845.3809383129492
341,10612.0,1500.0,1335.5393550240458,25.317,1334.9206733671342
342,10612.8,810.0,721.1844011579452,26.772000000000002,720.7333183588685
344,10613.6,1400.0,1246.4797181722474,25.317,1245.8842113899314
345,10614.7,1000.0,890.3310291303965,24.347,889.8452250950106
346,10615.6,2200.0,1958.7073384014502,25.413999999999998,1957.9413680046107
347,10616.3,6.7,5.965104605075658,16.392999999999997,5.9396441288654644
348,10617.5,1600.0,1424.4823047321106,25.511,1423.838967918407
350,10618.2,1700.0,1513.4998761008528,26.772000000000002,1512.820103691481
351,10618.9,1900.0,1691.544634359567,26.189999999999998,1690.8287901044282
352,10619.1,1000.0,890.2845368849299,26.092999999999996,889.7834809213083
353,10620.2,1900.0,1691.5185431866403,26.189999999999998,1690.8027050395692
354,10620.8,910.0,810.1425879965244,23.862000000000002,809.6856266520135
356,10621.9,1100.0,979.2804593528489,25.122999999999998,978.7611474676485
357,10623.0,1700.0,1513.4136904705495,26.384,1512.738358886768
358,10623.9,1600.0,1424.374151445049,25.996,1423.7254056780152
359,10624.1,1300.0,1157.3012530016435,26.092999999999996,1156.7219447593275
360,10625.0,1900.0,1691.4222400130432,26.675,1690.7005316169327
362,10625.8,2200.0,1958.4703305904056,25.898999999999997,1957.6979144694317
363,10626.3,1100.0,979.2293598189879,22.31,978.7368952624205
364,10627.4,240.0,213.64725576743172,20.176,213.44447510295268
365,10628.3,1200.0,1068.224881327726,25.705,1067.6743785442973
366,10629.2,1300.0,1157.2312754006336,26.384,1156.649109009169
368,10630.3,2000.0,1780.3325961772189,26.578,1779.5913494459016
369,10631.2,1600.0,1424.2508852743704,25.898999999999997,1423.6032531903602
370,10632.2,380.0,338.2555767734294,22.31,337.9820779076624
371,10633.1,530.0,471.77248382053745,24.832,471.42759286752147
372,10634.2,120.0,106.81501932056212,20.952,106.67451009178646
374,10635.2,1500.0,1335.1719239569138,23.959,1334.568387843547
375,10636.1,750.0,667.5788448491206,22.794999999999998,667.1765935050078
376,10637.2,620.0,551.8579882887854,22.794999999999998,551.4959497041077
377,10638.1,320.0,284.82689348725455,22.116,284.5791830443959
378,10639.1,780.0,694.2573313917698,22.988999999999997,693.844704858049
380,10640.2,670.0,596.3414788736478,22.31,595.9671869697063
381,10641.1,380.0,338.2199213658257,20.078999999999997,337.95901014715804
382,10642.3,2700.0,2403.1074077836865,18.624,2402.3609413048234
383,10643.2,27.0,24.030818067615662,16.005,23.97627550813083
384,10643.7,1600.0,1424.040050430144,26.287,1423.3881545895385
386,10644.7,69.0,61.41100035175114,19.884999999999998,61.309963220340954
387,10645.7,400.0,356.0015861514377,24.929,355.7059386433289
388,10646.6,73.0,64.96959756370258,17.848,64.87026770380918
389,10647.6,1000.0,889.9839569696851,27.063,889.4747587361131
390,10648.7,750.0,667.4792813425078,24.929,667.0606576961073
392,10649.6,530.0,471.6803370747333,22.892,471.3477888757807
393,10650.7,270.0,240.2868566481292,21.34,240.06496170048408
394,10651.7,290.0,258.08283072558805,20.661,257.85529613461574
395,10652.4,320.0,284.7786971504777,23.571,284.5238605166099
396,10653.3,560.0,498.3574162464493,25.22,497.99943262628244
398,10654.3,440.0,391.5619115618033,26.092999999999996,391.24385305584667
399,10655.3,500.0,444.95145717176365,24.25,444.62107584206996
400,10656.4,250.0,222.47283564801836,24.444,222.24690717461417
401,10657.4,680.0,605.1189603660964,24.735,604.7238306079395
402,10657.9,1000.0,889.875565251873,26.287,889.3729761952414
404,10658.9,1500.0,1334.7975727684004,28.712,1334.1433115087514
405,10659.9,500.0,444.92726648099654,23.571,444.6010594482843
406,10660.9,1100.0,978.828420460757,24.25,978.3173801828933
407,10661.9,940.0,836.4434951023107,23.959,835.9775411506769
408,10662.5,810.0,720.760030456749,22.988999999999997,720.3387620695869
410,10663.7,1400.0,1245.7404185957723,26.675,1245.131046345047
411,10664.7,270.0,240.24710021347965,20.758,240.0279486416105
412,10665.8,2800.0,2491.4190431334337,28.615,2490.4964150571845
413,10666.5,1600.0,1423.6562562121119,25.607999999999997,1423.0120343704468
414,10667.2,430.0,382.6044563399595,22.988999999999997,382.3077148133008
416,10668.4,620.0,551.654423226694,23.668,551.2863304498192
417,10669.5,560.0,498.26204070792147,23.765,497.91347111985846
418,10670.2,400.0,355.8985167683595,22.794999999999998,355.6144986755268
419,10671.3,300.0,266.9204218909462,24.153,266.67186394363466
420,10671.9,780.0,693.9881824159031,25.705,693.554542587932
422,10672.9,1600.0,1423.5487021965555,29.682000000000002,1422.8605818345684
423,10674.4,240.0,213.5285258184938,20.661,213.32364565758456
424,10674.7,250.0,222.4247604093864,23.28,222.203727510209
425,10675.7,140.0,124.55639627629726,19.593999999999998,124.40792122196451
426,10676.3,90.0,80.07140225831156,20.37,79.95311036308318
428,10677.5,240.0,213.52071685438617,20.952,213.31455721439593
429,10678.6,370.0,329.1735009889283,24.832,328.8908905440286
430,10679.5,850.0,756.2013675900097,24.444,755.7567372030051
431,10680.3,270.0,240.2028741835913,20.37,239.98558368421337
432,10681.4,1800.0,1601.3317241075106,26.481,1600.6338203082466
435,10683.3,650.0,578.2457250321698,23.086,577.8720970599735
436,10684.2,1600.0,1423.3589915366458,26.287,1422.7072681896084
437,10685.3,970.0,862.9002005677961,22.794999999999998,862.4365805882265
438,10686.1,590.0,524.851874388735,21.049,524.5120625010177
441,10688.1,1200.0,1067.4701791413327,24.735,1066.9292678050626
442,10688.9,190.0,169.01451857035704,18.915,168.84146340761518
443,10690.0,2400.0,2134.892567427709,27.742,2134.05713257268
444,10690.9,1700.0,1512.1995360289582,25.705,1511.532322120299
446,10691.1,1600.0,1423.2432691358626,25.898999999999997,1422.595890559103
447,10691.2,1000.0,889.5259954122558,22.116,889.0608417337728
448,10692.1,530.0,471.4437798545259,21.146,471.1228995125599
449,10693.0,1100.0,978.4578507747342,23.474,977.9542878932525
450,10694.1,970.0,862.8107459696918,23.571,862.340167139296
452,10695.1,2200.0,1956.867309069588,26.578,1956.0862631217162
453,10695.7,3100.0,2757.384455774621,26.869,2756.4356528235517
454,10696.7,1900.0,1689.9899308689323,25.413999999999998,1689.2840016455013
455,10698.0,6.5,5.781456023081877,15.617,5.756967852296952
456,10698.7,780.0,693.7690064194361,24.056,693.3480955069028
458,10699.4,980.0,871.6513137279267,24.25,871.1720308704438
459,10700.9,120.0,106.73092979539479,19.108999999999998,106.59613779251528
460,10701.5,93.0,82.71588657978987,20.467000000000002,82.59519171664331
461,10702.1,1900.0,1689.8825263888791,23.959,1689.194974513076
462,10703.3,790.0,702.625445986416,23.668,702.2046385659713
464,10704.3,750.0,667.0416267075848,24.832,666.6238831263129
465,10705.4,280.0,249.02565171327555,23.862000000000002,248.78774982252585
466,10706.4,790.0,702.599824853791,25.607999999999997,702.1639528172082
467,10707.1,530.0,471.3605589296899,24.637999999999998,471.01704021124056
468,10708.1,790.0,702.5857783343542,24.929,702.1551123491872
470,10709.1,270.0,240.1214298353211,20.855,239.90188509080707
471,10709.9,1200.0,1067.1963166554174,24.735,1066.6554820960803
472,10710.9,980.0,871.5334123380454,24.444,871.0524562796229
473,10711.9,1300.0,1156.1021605998997,25.122999999999998,1155.5329014526778
474,10712.6,1300.0,1156.0926481826573,26.481,1155.5098440027748
476,10713.6,1300.0,1156.0790603081005,27.742,1155.4840203269177
477,10714.7,2800.0,2489.9842485591457,28.032999999999998,2489.0703444270516
478,10715.3,2400.0,2134.257165066606,27.742,2133.4218677666977
479,10716.2,2100.0,1867.4552706113918,26.966,1866.6892274910115
480,10717.2,1800.0,1600.657139835233,26.675,1599.9571193893644
482,10718.5,1500.0,1333.860578879587,26.675,1333.2277246315332
483,10719.3,1700.0,1511.6944502766767,28.323999999999998,1510.997805209078
484,10720.3,750.0,666.9161888954674,24.735,666.4992184564883
485,10721.1,1100.0,978.1345535830562,26.675,977.601491968983
486,10722.0,1300.0,1155.9649821537887,25.705,1155.3899061867044
488,10723.1,680.0,604.6507960537142,24.929,604.2544546779261
489,10724.1,1800.0,1600.527432944682,24.153,1599.8578276210744
490,10724.9,2000.0,1778.3471121480213,26.092999999999996,1777.612393669299
491,10725.9,1400.0,1244.8283655168789,26.189999999999998,1244.2242133598686
492,10727.1,370.0,328.9857199085656,23.377000000000002,328.7107156908036
494,10728.1,250.0,222.28503976582158,18.333,222.08644234070877
495,10729.1,1400.0,1244.7816149212579,24.153,1244.1989400282444
496,10730.0,1000.0,889.1203352316705,25.026,888.6288945653166
497,10731.2,1400.0,1244.750943915,26.675,1244.1418394785574
498,10732.0,1500.0,1333.649208870029,25.026,1333.0341966946305
500,10732.7,1500.0,1333.6382576270937,27.16,1333.0003468917243
501,10733.8,1300.0,1155.8049102236946,26.189999999999998,1155.2250559931942
502,10734.8,1200.0,1066.8843272212864,26.869,1066.3232135031778
503,10735.7,2600.0,2311.5583112421614,28.13,2310.67987907043
504,10736.8,2700.0,2400.4334372282888,27.645,2399.543423307964
506,10737.8,1300.0,1155.7506963520557,26.772000000000002,1155.16513532207
507,10738.8,1800.0,1600.2514338360877,26.772000000000002,1599.550375496328
508,10739.7,1100.0,977.9211142684728,24.735,977.4057971411492
509,10740.7,1400.0,1244.6122838162444,26.092999999999996,1244.0091903302718
510,10741.6,710.0,631.1895715682037,24.347,630.7879582326676
512,10742.4,880.0,782.312134328964,24.153,781.8614919228315
513,10743.4,980.0,871.2010313496056,24.735,870.7176277321071
514,10744.5,680.0,604.4990466974671,25.511,604.0986538966741
515,10745.5,390.0,346.69392078781215,22.116,346.41774661585134
516,10746.8,750.0,666.7089250448477,24.153,666.296437250833
518,10747.2,810.0,720.0422653167337,23.959,719.613383372155
519,10748.2,110.0,97.78237219857118,18.042,97.65721030052484
520,10749.3,39.0,34.66784897752567,19.4,34.59504267581944
521,10750.1,160.0,142.22574029609805,21.146,142.06042086287775
522,10751.1,320.0,284.4481498448717,24.444,284.1893068609611
524,10752.1,250.0,222.22251520911988,22.31,222.00575262325705
525,10753.0,56.0,49.77731892779822,18.817999999999998,49.68956198696962
526,10754.5,280.0,248.88222456286803,23.765,248.6448307340876
527,10755.8,680.0,604.4190631129696,24.444,604.0262683146269
528,10756.7,190.0,168.8800182948842,21.243,168.69783751194242
530,10757.7,690.0,613.2939424099218,21.727999999999998,612.918262870093
531,10758.6,1700.0,1510.9981492221968,25.317,1510.3357453769577
532,10759.6,630.0,559.9515864310191,24.153,559.5770623365418
533,10760.7,66.0,58.66083990657534,19.497,58.563196315172625
534,10761.6,85.0,75.54725607021565,16.781,75.44220529991915
536,10762.6,200.0,177.7561705160065,22.019,177.56572398122077
537,10763.5,950.0,844.3329229016448,24.929,843.8561638871885
538,10764.3,170.0,151.08974114518526,22.601,150.91364065173232
539,10765.3,880.0,782.1024560919137,24.153,781.6518805138122
540,10766.3,1200.0,1066.4908799662162,26.675,1065.9316940041367
542,10767.0,1000.0,888.7351269277654,26.287,888.2328943250114
543,10768.0,1000.0,888.7247378432468,25.802,888.2266694921622
544,10769.0,930.0,826.5043454158747,23.28,826.0473700233658
545,10770.1,700.0,622.092047157874,23.086,621.7030003559444
546,10770.8,840.0,746.5043498033781,24.056,746.066027344719
548,10772.1,1400.0,1244.1550164746855,26.481,1243.54805602655
549,10772.9,630.0,559.8645242133357,23.377000000000002,559.4954555959309
550,10774.0,660.0,586.5172021442065,23.28,586.1392161377981
551,10775.0,430.0,382.120379975735,22.019,381.8295015147966
552,10775.7,1300.0,1155.2382145372992,25.511,1154.665281111315
554,10776.9,1400.0,1244.0852559104878,25.413999999999998,1243.4893650103586
555,10778.0,660.0,586.4898007559174,24.153,586.1055572512873
556,10778.4,1000.0,888.6167595208025,25.607999999999997,888.1204010532622
557,10779.4,990.0,879.7203196998875,24.832,879.2334559521453
558,10780.4,1300.0,1155.1748113055628,25.511,1154.601895275544
560,10781.5,720.0,639.7809103428053,26.578,639.3601196950874
561,10782.4,100.0,88.85752624586422,23.377000000000002,88.72427239645977
562,10783.4,1200.0,1066.277869270402,26.481,1065.7205654787545
563,10784.3,650.0,577.5611125557924,25.22,577.172688076459
564,10784.9,1400.0,1243.9690705490955,25.996,1243.367151934714
566,10786.1,950.0,844.1100492997799,25.898999999999997,843.6251610186924
567,10787.1,1200.0,1066.2318322039278,26.966,1065.6700045713064
568,10788.1,1500.0,1332.774241226593,26.675,1332.1416721649448
569,10789.0,1000.0,888.5068323788204,25.705,888.0096688636785
570,10790.0,1600.0,1421.5943496530324,26.869,1420.936669916916
572,10791.4,1400.0,1243.8747454978102,26.966,1243.2629195990528
573,10792.3,910.0,808.510098783978,25.996,808.0358420596712
574,10793.3,1500.0,1332.693413928403,27.257,1332.0547367637425
575,10764.2,1600.0,1422.0227559834793,27.936,1421.3534213306748
576,10795.2,69.0,61.30253905209744,22.407,61.19607640135714
578,10796.2,1300.0,1154.9619096538038,27.063,1154.3737357034806
579,10797.2,1100.0,977.2640708311006,27.257,976.7261093218651
580,10798.2,260.0,230.98699730420023,25.317,230.75268049279174
581,10799.2,200.0,177.680234950589,23.862000000000002,177.48287556809566
582,10799.3,150.0,133.2600209222471,21.922,133.09796717998162
584,10800.3,430.0,382.00760858014786,24.929,381.7001983495103
585,10802.2,250.0,222.0925303930669,26.287,221.85936913771715
586,10803.0,26.0,23.09740790385585,18.817999999999998,23.0400543785211
587,10804.1,850.0,755.0978908820438,26.772000000000002,754.635192508132
588,10805.0,630.0,559.6549231479179,26.287,559.2660773780824
590,10806.1,900.0,799.4967909871403,26.287,799.0231169771346
591,10807.1,250.0,222.07985585539043,23.377000000000002,221.85860227474063
592,10958.2,98.0,86.90338889959708,16.587,86.7904577252168
593,10959.2,260.0,230.5573658391269,17.557000000000002,230.35858865544924
594,10960.2,47.0,41.677199492152454,15.713999999999999,41.60381003275113
596,10960.8,4.8,4.256365543091156,13.094999999999999,4.237262341183243
597,10961.8,98.0,86.89979962173199,19.982,86.77708273868666
598,10962.3,380.0,336.9564741190241,21.437,336.6883795614634
599,10963.6,250.0,221.67858546109494,18.236,221.48075732424417
600,10964.6,180.0,159.6067510701711,18.333,159.44141878078628
602,10965.7,270.0,239.40710668205745,21.437,239.1852127471509
603,10966.5,270.0,239.40491059714708,21.922,239.18078972317804
604,10967.5,270.0,239.40216575486198,20.758,239.18344105379578
605,10968.5,120.0,106.3997427580747,20.176,106.26187859881479
606,10969.1,220.0,195.06485339146707,22.212999999999997,194.86356946089717
608,10970.2,31.0,27.486064594362155,17.363,27.425134371279768
609,10971.1,41.0,36.35216206185891,18.915,36.27825654241016
610,10972.1,270.0,239.38954325406493,21.049,239.1694608979866
611,10973.1,330.0,292.58386673023114,22.116,292.33244547323056
612,10974.1,220.0,195.05367619024236,20.564,194.8592135448139
614,10975.1,330.0,292.5771621980405,22.697999999999997,292.32281044260884
615,10976.0,51.0,45.216004323873804,16.877999999999997,45.13673920689151
616,10977.1,250.0,221.64428719365037,22.116,221.42867948348112
617,10977.7,430.0,381.225554032536,21.825,380.9361987014413
618,10978.7,270.0,239.37144352573367,21.437,239.14956788416708
620,10979.8,27.0,23.936842814225514,15.907999999999998,23.882565879959788
621,10980.6,85.0,75.35603705716704,19.787999999999997,75.24312462740626
622,10981.6,270.0,239.3634946406039,22.019,239.13895293999474
623,10982.7,16.0,14.184324751914257,19.108999999999998,14.140252311113835
624,10983.6,270.0,239.35801408133312,19.982,239.1430014895732
626,10984.6,110.0,97.51511172714314,21.243,97.38068729204592
627,10985.5,91.0,80.6707614274641,17.557000000000002,80.55960373125485
628,10986.6,63.0,55.84828560039805,21.727999999999998,55.74855622423975
629,10987.6,74.0,65.59882288245687,15.617,65.50473940267537
630,10988.6,240.0,212.75050469970367,20.467000000000002,212.5468976153602
632,10989.5,160.0,141.83220932028715,18.915,141.6751593603545
633,10990.3,98.0,86.87143313060282,18.43,86.75308761605045
634,10991.3,110.0,97.50763603667573,20.467000000000002,97.37543179107911
635,10992.1,300.0,265.9274830170179,22.31,265.6880757878276
636,10993.2,7.2,6.38217929677908,17.751,6.354792710740986
638,10994.0,130.0,115.23273857792508,19.497,115.0908370795089
639,10994.9,29.0,25.705500199713093,20.758,25.641922340020027
640,10996.0,160.0,141.82166556130107,21.049,141.65694475757493
641,10997.0,220.0,195.00256062497567,21.922,194.8024938465206
642,10997.8,170.0,150.68241872847662,18.527,150.52151410118557
644,10998.9,250.0,221.58900589303965,22.892,221.37008230509622
645,10999.8,850.0,753.3948697271213,24.929,752.9472414236707
646,11000.7,510.0,452.0322720950463,23.182999999999996,451.7056236211028
647,11001.7,160.0,141.8124254860742,20.273,141.65045007974763
648,11002.7,280.0,248.16890874418036,21.825,247.9407361858026
650,11004.0,120.0,106.35652396312618,21.049,106.21605960676176
651,11004.7,200.0,177.25945566706693,20.176,177.07658289366677
652,11005.7,33.0,29.247476065486442,17.46,29.184255855147295
653,11006.4,60.0,53.176804005207,17.751,53.08811758187986
654,11007.4,710.0,629.251660057423,22.601,628.8638382373432
656,11008.5,120.0,106.35105716048693,19.012,106.2168362283862
657,11008.9,130.0,115.21311896108371,20.273,115.06873685049632
658,11009.9,140.0,124.07424972753088,17.751,123.9324853517021
659,11010.0,56.0,49.62964322047799,15.52,49.54924907401957
660,11011.6,47.0,41.652689624263864,15.617,41.57952649418705
662,11012.7,380.0,336.7621976846504,19.497,336.5053065960926
663,11013.9,250.0,221.55104257989268,20.37,221.34325788748686
664,11014.6,690.0,611.4759919128614,23.182999999999996,611.0899100561486
665,11015.6,170.0,150.65178583660085,19.497,150.48719119836136
666,11016.7,630.0,558.2907861959965,23.959,557.9182216940359
