,TVD,Thickness,Sw_In,por_In,Vsh_In
34,10275.71094,0.4531200000001263,0.4399466081648798,0.229281767955801,0.3057994394612054
35,10276.164065,0.4531299999998737,0.42657874816707353,0.23176795580110499,0.3281441352292204
36,10276.61768,0.4541000000008353,0.433495529257018,0.2295580110497238,0.34321021797459134
37,10277.07129,0.4531200000001263,0.4465955125850658,0.22845303867403322,0.3275337275263147
38,10277.524415,0.4531299999998737,0.4485364864218443,0.23066298342541441,0.31793916520933996
75,10294.301759999998,0.4531200000001263,0.41041005663762825,0.20939226519337006,0.13114128086131202
76,10294.754884999998,0.4531299999998737,0.36677189725320747,0.21160220994475126,0.1426987897425649
77,10295.2085,0.4541000000008353,0.33216699349108375,0.21436464088397786,0.15137959077912028
78,10295.662110000001,0.4531200000001263,0.309871354973516,0.21657458563535908,0.15324727914117287
79,10296.11572,0.4540999999990163,0.29546803638168295,0.2171270718232043,0.1566645642619522
80,10296.569335,0.4531299999998737,0.28185320620589494,0.22182320441988934,0.17675166924912555
81,10297.022949999999,0.4541000000008353,0.2627620577818024,0.23176795580110482,0.21003815198893067
82,10297.476565,0.4531299999998737,0.2514581607436797,0.23784530386740324,0.2465150511973754
83,10297.93018,0.4541000000008353,0.25541332124424054,0.2353591160220994,0.27170237419338067
84,10298.38379,0.4531200000001263,0.2660052656802486,0.2298342541436464,0.27559049964852345
85,10298.836915,0.4531299999998737,0.2782723732938661,0.22569060773480656,0.2736568012628451
86,10299.29053,0.4540999999990163,0.2983057606020829,0.22071823204419888,0.28174758215446694
87,10299.744139999999,0.4531200000001263,0.33010447313027536,0.21629834254143643,0.3004244161274827
88,10300.19775,0.4541000000008353,0.3575959687436694,0.21961325966850814,0.3094110448795099
89,10300.651365000002,0.4531299999998737,0.3790923844007999,0.2248618784530386,0.315539994117327
90,10301.10498,0.4540999999990163,0.3983318758286887,0.22237569060773477,0.32853442403513244
91,10301.558594999999,0.4531299999998737,0.4005696961748605,0.21823204419889491,0.3526800837029396
92,10302.01221,0.4541000000008353,0.36744035832178334,0.2193370165745855,0.3709545958977256
93,10302.465820000001,0.4531200000001263,0.3184185268528539,0.2193370165745855,0.3539458007300084
94,10302.91943,0.4540999999990163,0.279827889889112,0.21988950276243088,0.3325383468160471
95,10303.373045,0.4531299999998737,0.25355085808870603,0.22734806629834253,0.3371596849755606
96,10303.826659999999,0.4541000000008353,0.25069885043999585,0.230939226519337,0.34096474276815125
97,10304.280275000001,0.4531299999998737,0.2556125051049627,0.23370165745856344,0.323628077729104
98,10304.73389,0.4541000000008353,0.2570366955768102,0.23812154696132587,0.31394038038286703
99,10305.1875,0.4531199999983073,0.26012311552738154,0.23646408839779004,0.32205461762281146
100,10305.64111,0.4541000000008353,0.26576734260307255,0.23093922651933702,0.32659549092875356
101,10306.094724999999,0.4531299999998737,0.27060228728740315,0.22569060773480656,0.31281995068760915
102,10306.548340000001,0.4541000000008353,0.27088532252389924,0.22375690607734794,0.29462668508502454
103,10307.001955,0.4531299999998737,0.2688040712793748,0.22375690607734794,0.29358703522034957
104,10307.45557,0.4540999999990163,0.26762448109176007,0.22569060773480656,0.3008623990682134
105,10307.909670000001,0.4541000000008353,0.26446057360897357,0.23093922651933702,0.29463588062867485
106,10308.363280000001,0.4531200000001263,0.2631425267030962,0.2353591160220994,0.27657451365493846
107,10308.816895,0.45410999999876367,0.2701453543808786,0.23701657458563524,0.2680863113221086
108,10309.270509999998,0.4531200000001263,0.283939976274716,0.23370165745856344,0.2814866433090353
109,10309.724119999999,0.4541000000008353,0.2967397418316623,0.2328729281767956,0.3038382185574896
110,10310.177735000001,0.4531299999998737,0.3052746107469789,0.237292817679558,0.31567798489841853
111,10310.63135,0.4540999999990163,0.31743490393011087,0.23646408839779004,0.3288087477715066
112,10311.085449999999,0.4541000000008353,0.328273609074773,0.2320441988950276,0.34943591899709203
113,10311.539065,0.4531299999998737,0.33792207414098063,0.2270718232044198,0.3526838671621096
114,10311.99268,0.4541000000008353,0.3446710064904063,0.22071823204419874,0.3348002348003714
115,10312.44629,0.4531200000001263,0.34501298701184235,0.2171270718232043,0.32079437722230986
116,10312.8999,0.4540999999990163,0.35209524132088943,0.2204419889502761,0.32837232356249557
117,10313.353514999999,0.4531299999998737,0.3607955212613936,0.22375690607734794,0.33519326237308467
118,10313.807130000001,0.4541000000008353,0.3674880485679533,0.2204419889502761,0.3252945247339428
119,10314.26123,0.4540999999990163,0.3738043201702588,0.21823204419889491,0.3183819995833004
120,10314.714844999999,0.4531299999998737,0.3760775150870164,0.21823204419889491,0.3107047930905181
121,10315.16846,0.4541000000008353,0.3843427593328549,0.21270718232044186,0.2851491488004873
122,10315.62256,0.4540999999990163,0.3798374040157996,0.2129834254143646,0.2601254531509981
123,10316.07617,0.4531200000001263,0.3506450794265944,0.22071823204419888,0.25466717109531833
124,10316.529784999999,0.45411000000058266,0.33145375134436306,0.22375690607734794,0.2638293097569064
125,10316.98389,0.4541000000008353,0.3167687986768857,0.22679558011049716,0.277296236547654
126,10317.4375,0.4531199999983073,0.31617567998817636,0.2276243093922652,0.2839800425969081
127,10317.89111,0.4541000000008353,0.33004992593133864,0.225414364640884,0.28063379391193227
128,10318.344724999999,0.4531299999998737,0.32771348566259384,0.2265193370165746,0.26305597860124125
129,10318.798340000001,0.4541000000008353,0.32437204581326906,0.2265193370165746,0.24909415150831976
130,10319.25244,0.4540999999990163,0.3193336736972623,0.22817679558011042,0.2556518661950202
131,10319.70654,0.4541000000008353,0.30712811498309334,0.23591160220994464,0.26053954779834576
132,10320.160155000001,0.4531299999998737,0.2922437460470545,0.24419889502762426,0.25725828733970124
133,10320.61377,0.4540999999990163,0.28470164115987395,0.2475138121546961,0.27679583862498125
134,10321.067384999998,0.4531299999998737,0.29137239719409036,0.24309392265193366,0.3065732206382863
135,10321.521,0.4541000000008353,0.3000852845124039,0.2375690607734806,0.32175715147719497
136,10321.974610000001,0.4531200000001263,0.30163122982866397,0.23646408839779,0.33370392660949816
137,10322.42822,0.4540999999990163,0.30766211197909277,0.2320441988950276,0.34960800944542947
138,10322.881835,0.4531299999998737,0.3206542478675368,0.22569060773480656,0.3788664681780892
139,10323.33496,0.4531200000001263,0.32385536543068283,0.2312154696132596,0.40777727731632735
140,10323.788574999999,0.45411000000058266,0.325552186808066,0.23646408839779004,0.4035432060344458
141,10324.24219,0.4531200000001263,0.3288219373612762,0.2342541436464088,0.3798112322916511
142,10324.695315,0.4531299999998737,0.31905066628024725,0.23867403314917124,0.36669272712006074
143,10325.14844,0.4531200000001263,0.3128839023774911,0.24088397790055247,0.3773006593342226
144,10325.601565,0.4531299999998737,0.320088132846699,0.2353591160220994,0.4237485618839244
146,10326.508300000001,0.4541000000008353,0.354702469706477,0.2204419889502761,0.44357136907840067
147,10326.961915,0.4531299999998737,0.35712858043507345,0.21988950276243088,0.40141172575830186
148,10327.414555,0.4521499999991647,0.34783262835334905,0.22513812154696133,0.3669998635793875
149,10327.86719,0.4531200000001263,0.3476802471228255,0.22569060773480656,0.3530705198141483
150,10328.320315,0.4531299999998737,0.35273029830369906,0.22458563535911596,0.350905832627707
151,10328.77344,0.4531200000001263,0.3560971019207483,0.22458563535911596,0.3355920822109726
152,10329.226565,0.4531299999998737,0.356570544767325,0.22569060773480656,0.30582841116552845
153,10329.67969,0.4531200000001263,0.3638321852688493,0.22513812154696133,0.2965140208165037
154,10330.132324999999,0.4521499999991647,0.37532517547463834,0.21767955801104966,0.3121757924485689
155,10330.58496,0.4531200000001263,0.3775488076115816,0.21270718232044186,0.3113242765215943
156,10331.038085,0.4531299999998737,0.35627623916870715,0.2160220994475137,0.29391431971526494
157,10331.490725,0.4521500000009837,0.31246314880352793,0.22154696132596674,0.27698709939740884
158,10331.943360000001,0.4531200000001263,0.26810389373540994,0.22679558011049716,0.2550937742615822
159,10332.395994999999,0.4521499999991647,0.22867956136491113,0.2342541436464088,0.2392714020968262
160,10332.848634999998,0.4531299999998737,0.19842370491531253,0.24447513812154686,0.2331950680792422
161,10333.30127,0.45214000000123633,0.18445761474382766,0.25441988950276234,0.21285281544994777
162,10333.753905000001,0.4531299999998737,0.18497586150898793,0.255524861878453,0.19798869884860903
163,10334.206545000001,0.4521499999991647,0.19112937268381236,0.24640883977900552,0.20334712580922898
164,10334.658695,0.4521500000009837,0.19227815116451216,0.237292817679558,0.2135317935784457
165,10335.11133,0.4531200000001263,0.18544570437544722,0.2342541436464088,0.2230260089025961
166,10335.563965000001,0.4521499999991647,0.17319287212015533,0.23812154696132587,0.2244264063256107
167,10336.016115,0.4521500000009837,0.16191319747047683,0.2425414364640883,0.21722932244679943
168,10336.468265,0.4521499999991647,0.15513008916494353,0.2430939226519337,0.20277304532563584
169,10336.920409999999,0.45213999999941734,0.1475158620411299,0.2430939226519337,0.1886617860181049
170,10337.372555,0.4521500000009837,0.13601527832021137,0.2464088397790055,0.18036021758660584
171,10337.824704999999,0.4521499999991647,0.12600971914969436,0.2519337016574585,0.17918903422697635
172,10338.276855,0.4521500000009837,0.1211860344281626,0.25773480662983417,0.18564665130903474
173,10338.729005000001,0.4521499999991647,0.12011830802506857,0.261878453038674,0.19347324120791243
174,10339.181155,0.4521500000009837,0.12347040447824334,0.25828729281767954,0.20325931203708344
175,10339.633305,0.4521499999991647,0.1270600572018332,0.2541436464088397,0.21270065932747054
176,10340.085449999999,0.45213999999941734,0.13137902320321732,0.2508287292817679,0.2178384009138159
177,10340.53711,0.4511800000000221,0.13635083224472716,0.2475138121546961,0.2263540044818078
178,10340.98877,0.45214000000123633,0.1456072063995954,0.23977900552486184,0.22638998044371808
179,10341.440915,0.4521499999991647,0.15368894891979185,0.2353591160220994,0.21878654823062704
180,10341.893065,0.4521500000009837,0.15395252838189227,0.24088397790055247,0.21549632364110163
181,10342.344724999999,0.45116999999845575,0.151596824780923,0.2455801104972375,0.2039695763018896
182,10342.796385,0.4521500000009837,0.14614588340974696,0.2511049723756905,0.19294164465744365
183,10343.248045,0.45117000000027474,0.14473253590390703,0.2486187845303867,0.20709747537029788
184,10343.699704999999,0.4521499999991647,0.14501176531644971,0.2441988950276243,0.21653037967416722
185,10344.151365,0.45117000000027474,0.14338166217509202,0.2475138121546961,0.20286939795358128
186,10344.603025,0.4521500000009837,0.14577001085784125,0.2497237569060773,0.1910821377822227
187,10345.054685,0.45116999999845575,0.15497317210240713,0.24530386740331486,0.185093984443838
188,10345.50586,0.4511800000000221,0.16451501557463696,0.2375690607734806,0.1878864624504859
189,10345.95752,0.45214000000123633,0.1732732655550847,0.23093922651933702,0.19394863914306004
190,10346.40918,0.4511800000000221,0.18414675817421905,0.22569060773480656,0.18109712874951797
191,10346.860355,0.45117000000027474,0.18642176643077107,0.22790055248618776,0.15373264103283651
192,10347.311525000001,0.45116999999845575,0.18171874976734265,0.2320441988950276,0.1302037046007146
193,10347.762695,0.45117000000027474,0.17607245888082884,0.2320441988950276,0.11807414734906022
194,10348.213865,0.45117000000027474,0.1682105069342342,0.23314917127071821,0.11478823187417829
195,10348.66504,0.4511800000000221,0.1603100877437571,0.2342541436464088,0.10915386458082571
196,10349.116215,0.45117000000027474,0.16002113116249092,0.22569060773480654,0.09848737672741784
197,10349.567385,0.45117000000027474,0.15556967778848063,0.22348066298342534,0.0924221606214245
198,10350.018555,0.45117000000027474,0.14238107130619282,0.2320441988950276,0.09157277197763758
199,10350.469724999999,0.45116999999845575,0.13385122311735836,0.2342541436464088,0.09431216603111664
200,10350.920895,0.45117000000027474,0.12993933465190907,0.2342541436464088,0.09784675293053205
201,10351.37207,0.4511800000000221,0.13105962832335133,0.2375690607734806,0.10424402294646803
202,10351.822755000001,0.45019000000138476,0.137298349709787,0.23977900552486184,0.11120320162953656
203,10352.273435,0.45116999999845575,0.14353452056903715,0.23646408839779004,0.11534838360741509
204,10352.72461,0.4511800000000221,0.14145974222976715,0.2342541436464088,0.12196806759511376
205,10353.175295000001,0.45019000000138476,0.13201912431136997,0.23646408839779004,0.1294349265902212
206,10353.625974999999,0.45116999999845575,0.12362838940401516,0.23867403314917124,0.14183351923537757
207,10354.076659999999,0.45020000000113214,0.1204764762141392,0.23867403314917124,0.1630483630979174
208,10354.527345,0.45117000000027474,0.1213500388743919,0.23867403314917124,0.1887295236258512
209,10354.97803,0.45019999999931315,0.12509928026985423,0.23867403314917124,0.20471978467444724
210,10355.428715,0.45117000000027474,0.12742083507683225,0.24309392265193366,0.209874472236142
211,10355.879395,0.45018999999956577,0.12644346479720708,0.2497237569060773,0.2136038521443157
212,10356.330075,0.45117000000027474,0.12773271895165933,0.2475138121546961,0.2148740072562154
213,10356.78076,0.45019999999931315,0.12981770269687687,0.2441988950276243,0.2170325361115181
214,10357.230954999999,0.45019000000138476,0.1293471540626981,0.2486187845303867,0.22755175974611855
215,10357.68115,0.45019999999931315,0.13144744825558818,0.2486187845303867,0.24054776619933288
216,10358.13135,0.45019999999931315,0.13717795121222998,0.23977900552486187,0.24059697192256113
217,10358.582035,0.45117000000027474,0.13685714568975788,0.23701657458563524,0.22390092888353186
218,10359.032715,0.45018999999956577,0.1313185266531825,0.24033149171270707,0.19722447831781914
219,10359.482909999999,0.45020000000113214,0.12487244363040476,0.24530386740331486,0.1768309338696159
220,10359.933105,0.45018999999956577,0.11941638163114464,0.2497237569060773,0.1707479329809664
221,10360.3833,0.45019999999931315,0.1210251863298129,0.2436464088397789,0.16757675494568405
222,10360.833009999998,0.44922000000042317,0.12545782914836598,0.23591160220994467,0.16333256987212583
223,10361.282715,0.45018999999956577,0.1282274315260729,0.23867403314917124,0.16216847123982947
224,10361.732909999999,0.45020000000113214,0.13334950149881553,0.2441988950276243,0.15841187147844982
225,10362.183105,0.45018999999956577,0.14350452173716494,0.2439226519337017,0.14575450240995652
226,10362.6333,0.45019999999931315,0.15491816107230985,0.24171270718232046,0.143735856936604
227,10363.083009999998,0.44922000000042317,0.16361356832541107,0.24364640883977887,0.16399550020793663
228,10363.532715,0.45018999999956577,0.17073616499192212,0.2480662983425413,0.18310164471503612
229,10363.982909999999,0.45020000000113214,0.18044611874789698,0.2464088397790055,0.1913712722523719
230,10364.43262,0.44922000000042317,0.19058035139304524,0.24198895027624306,0.18960179155586737
231,10364.882325,0.45018999999956577,0.1981703937298021,0.23867403314917124,0.17908019305594627
232,10365.332030000001,0.44922000000042317,0.19873212815902205,0.23867403314917124,0.1722584099765021
233,10365.78174,0.45019999999931315,0.19365689490591192,0.24419889502762426,0.1755441831066747
234,10366.231445000001,0.4492100000006758,0.19270922442737454,0.2497237569060773,0.1855484462258548
235,10366.68115,0.45019999999931315,0.19947340059858798,0.2497237569060773,0.19381743985964062
236,10367.130860000001,0.44922000000042317,0.20544993812905604,0.2486187845303867,0.19676972764141165
237,10367.58008,0.44922000000042317,0.20307428880741107,0.2475138121546961,0.19549170756751452
238,10368.0293,0.4492199999986042,0.192120559488827,0.2464088397790055,0.1894353263127464
239,10368.479005000001,0.45019000000138476,0.17630679780970004,0.2497237569060773,0.18650925916904715
240,10368.92871,0.4492199999986042,0.1619431116090271,0.2560773480662983,0.18491265813234142
241,10369.377929999999,0.44922000000042317,0.15543515057154783,0.25718232044198885,0.18369426660943733
242,10369.827150000001,0.44922000000042317,0.1512074834033627,0.25635359116022094,0.19082047360717974
243,10370.27637,0.44922000000042317,0.14104127089978885,0.2604972375690608,0.20410204229050283
244,10370.72559,0.4492199999986042,0.130907143832469,0.26132596685082876,0.2185927182999916
245,10371.174804999999,0.4492100000006758,0.12243504394195776,0.26132596685082876,0.22096500872453625
246,10371.62402,0.44922000000042317,0.117789026261049,0.2604972375690608,0.2080865984971334
247,10372.073240000002,0.44922000000042317,0.12013963166071187,0.25414364640883974,0.19256720986890427
248,10372.521970000002,0.4482399999997142,0.1245787326669774,0.2508287292817679,0.19115522358468628
249,10372.9707,0.4492199999986042,0.12800780031073064,0.25303867403314906,0.19207598520507713
250,10373.41992,0.44922000000042317,0.1328546674877275,0.2519337016574585,0.17482930329228719
251,10373.869139999999,0.44922000000042317,0.13850787790588204,0.2475138121546961,0.1530707076308902
252,10374.317869999999,0.4482399999997142,0.13752016593021987,0.2486187845303867,0.13484363437537952
253,10374.766599999999,0.44922000000042317,0.1291418602006971,0.2519337016574585,0.11292817911548543
254,10375.215820000001,0.44922000000042317,0.1186460818485224,0.2541436464088398,0.0886485569004232
255,10375.664550000001,0.4482399999997142,0.11084357078505308,0.2558011049723756,0.0759224936906085
256,10376.113280000001,0.44922000000042317,0.10989856917983806,0.2558011049723756,0.07939483755233377
257,10376.562010000001,0.4482399999997142,0.11426570706737835,0.2541436464088398,0.09325993864496308
258,10377.010255000001,0.4482499999994616,0.118740670321911,0.2519337016574585,0.110538342710266
259,10377.458985000001,0.4492100000006758,0.1189228240016847,0.2560773480662983,0.12358263766124228
260,10377.907715000001,0.4482499999994616,0.1194366892699518,0.2588397790055248,0.1269283127295237
261,10378.35596,0.4482399999997142,0.12370275670459235,0.25359116022099437,0.11984412762158733
262,10378.80469,0.44922000000042317,0.12743526126220106,0.2497237569060773,0.11349523701890374
263,10379.253420000001,0.4482399999997142,0.13064738864758424,0.2475138121546961,0.11805195176269265
264,10379.701659999999,0.4482399999997142,0.13489190346233854,0.24198895027624306,0.12816339489640655
265,10380.1499,0.4482399999997142,0.13642075429507833,0.24198895027624306,0.1376926129577111
266,10380.598145,0.44825000000128057,0.13754271195654755,0.2453038674033149,0.14606643762005772
267,10381.04639,0.4482399999997142,0.13925559970981963,0.2486187845303867,0.15223639222622454
268,10381.494630000001,0.4482399999997142,0.14158417429185086,0.2519337016574585,0.16162724601551987
269,10381.942869999999,0.4482399999997142,0.1510353705802372,0.24530386740331486,0.17667266474180704
270,10382.39111,0.4482399999997142,0.16090315407664485,0.23977900552486184,0.1905792292647935
271,10382.839355,0.44825000000128057,0.16791171968305976,0.23977900552486184,0.20050986444077806
272,10383.2876,0.4482399999997142,0.1755899637508589,0.23867403314917124,0.20455581402293543
273,10383.735349999999,0.44725999999900523,0.17942490021901192,0.24088397790055247,0.19820374310255523
274,10384.183105,0.44825000000128057,0.18439378164673337,0.24088397790055247,0.189818481825913
275,10384.63135,0.4482399999997142,0.1946225190358225,0.23646408839779004,0.195636327913003
276,10385.079099999999,0.44725999999900523,0.20277501472923154,0.23646408839779004,0.20682380633103156
277,10385.526855,0.44825000000128057,0.21006169996757157,0.23867403314917124,0.20655129916792925
278,10385.9751,0.4482399999997142,0.22231461459998622,0.23646408839779004,0.2081522493109919
279,10386.422849999999,0.44725999999900523,0.23437452073514953,0.2353591160220994,0.22793500136945893
280,10386.870605,0.44825000000128057,0.24232150903346733,0.2375690607734806,0.2586087935658876
281,10387.318360000001,0.44725999999900523,0.25342785108572685,0.2353591160220994,0.2849567489133771
282,10387.765625,0.4472700000005716,0.2645082607225656,0.2320441988950276,0.30394522062504803
283,10388.213380000001,0.4482399999997142,0.26627972064610145,0.2320441988950276,0.3189645088522637
284,10388.661135,0.4472700000005716,0.27460735437221806,0.22569060773480654,0.3266952732778719
285,10389.108400000001,0.44725999999900523,0.2957805012540343,0.2193370165745855,0.3279158023100406
286,10389.55615,0.4482399999997142,0.3326989908380198,0.21160220994475124,0.325436688105045
287,10390.003905,0.4472700000005716,0.362922566628775,0.20497237569060758,0.317817668228187
288,10390.45117,0.4472600000008242,0.3727769653607863,0.20524861878453035,0.3154981378177851
289,10390.898435,0.4472699999987526,0.3828071207750956,0.2016574585635359,0.32506076293455055
290,10391.345705,0.4472700000005716,0.40002784923225204,0.19309392265193365,0.33061110652819264
291,10391.79297,0.4472600000008242,0.4222916796872501,0.18480662983425417,0.3249699857111815
292,10392.240235000001,0.4472699999987526,0.4303569472942179,0.18563535911602214,0.31868059726767506
293,10392.6875,0.4472600000008242,0.42448295510495304,0.19088397790055245,0.3220136205159694
294,10393.134764999999,0.4472699999987526,0.41756379808777877,0.1955801104972375,0.3353875826849569
295,10393.58203,0.4472600000008242,0.41294390126981484,0.1999999999999999,0.34746881285914444
296,10394.028805,0.44628999999986263,0.4105201657087848,0.20165745856353576,0.34990087429409383
297,10394.475585,0.4472700000005716,0.4165914691527051,0.19834254143646396,0.34277817531457777
298,10394.922849999999,0.44725999999900523,0.4182992681974373,0.1939226519337015,0.32830364818068625
299,10395.369625,0.44628999999986263,0.3979301068619214,0.1975138121546961,0.3053087790946213
300,10395.816405,0.4472700000005716,0.3750535623750202,0.20303867403314912,0.27435506506466634
301,10396.26367,0.4472600000008242,0.3542629507934709,0.2082872928176794,0.2553121340059905
302,10396.710445,0.44628999999986263,0.32588126796247174,0.21657458563535906,0.26287369926993054
303,10397.157224999999,0.4472699999987526,0.2940582652873296,0.22513812154696133,0.27089042668614716
304,10397.604005,0.44628999999986263,0.2655156905617907,0.230939226519337,0.25393442272102246
305,10398.05078,0.4472600000008242,0.24014726554863425,0.23370165745856344,0.22587989372570771
306,10398.497555,0.44628999999986263,0.21517263930309957,0.2395027624309391,0.2039237516205961
307,10398.943845,0.44628999999986263,0.19204393899755107,0.2488950276243093,0.18955853407034975
308,10399.390625,0.4472700000005716,0.17533446878662998,0.2519337016574585,0.18715069821513536
309,10399.837405,0.44628999999986263,0.16605453619313457,0.2464088397790055,0.1920594592193362
310,10400.283695,0.44628999999986263,0.15444807331411697,0.24696132596685075,0.18764860012000678
311,10400.729985,0.44628999999986263,0.14128076326201866,0.25441988950276234,0.175076384908188
312,10401.17627,0.44628000000011525,0.13183559104564507,0.26022099447513813,0.1646055082028527
313,10401.622555,0.44628999999986263,0.13036268285916222,0.25386740331491714,0.15682875657106404
314,10402.068845,0.44628999999986263,0.1303203873946242,0.2486187845303867,0.15352051247672505
315,10402.515135,0.44628999999986263,0.1307664255085493,0.24530386740331486,0.1557529617271598
316,10402.961425,0.44628999999986263,0.13443382326588477,0.23867403314917124,0.16310713835118618
317,10403.407715,0.44628999999986263,0.13628756493084207,0.24198895027624306,0.17968463842618712
318,10403.854005,0.44628999999986263,0.1385821526846281,0.2475138121546961,0.21242832854972749
319,10404.300295000001,0.4462900000016816,0.14204121695428712,0.2497237569060773,0.2556085969055713
320,10404.746585,0.44628999999986263,0.14747911909161351,0.2475138121546961,0.2834428225392953
321,10405.192385,0.44530999999915366,0.15294377624604893,0.2453038674033149,0.2871886857179417
322,10405.638185,0.44628999999986263,0.15780993899765838,0.2453038674033149,0.28464029826883075
323,10406.084475,0.44628999999986263,0.16282285261705562,0.2464088397790055,0.27598384551071875
324,10406.530275000001,0.44531000000097265,0.16725203224559915,0.2497237569060773,0.24756525596254783
325,10406.976075,0.44628999999986263,0.17510268172285143,0.2486187845303867,0.21124501162777704
326,10407.421875,0.44530999999915366,0.1868780350494239,0.2441988950276243,0.19514027642797455
327,10407.867675,0.44628999999986263,0.19747878665485386,0.2450276243093923,0.20448154343201227
328,10408.313474999999,0.44531000000097265,0.20976653179389468,0.2483425414364641,0.2232352576478037
329,10408.759275,0.44628999999986263,0.23323088767915004,0.24419889502762426,0.24590743793655298
330,10409.205075,0.44530999999915366,0.26298979175555487,0.23646408839779004,0.27423217001029354
331,10409.652829999999,0.45020000000113214,0.28369728641132863,0.23812154696132587,0.3008201013080366
332,10410.10254,0.4492199999986042,0.29784533725765666,0.2436464088397789,0.3257021016971806
333,10410.551759999998,0.44922000000042317,0.32575764826436293,0.23453038674033141,0.36352001225383984
334,10411.001465,0.45018999999956577,0.343295094312812,0.22458563535911596,0.4059327882818248
335,10411.45117,0.44922000000042317,0.34099733627437856,0.2298342541436464,0.41685274535677647
336,10411.900880000001,0.45020000000113214,0.34612976718520394,0.23093922651933702,0.4062661058937094
337,10412.35059,0.4492199999986042,0.35968189272594175,0.22458563535911596,0.4135879585626353
338,10412.799804999999,0.4492100000006758,0.3715975517118454,0.21823204419889491,0.4144334219981086
339,10413.24951,0.45019999999931315,0.39962039212576783,0.20359116022099438,0.39500009460268387
340,10413.699219999999,0.44922000000042317,0.44580148775823114,0.1823204419889502,0.3900430551921359
473,10473.257325,0.44628999999986263,0.4467517890045333,0.23480662983425404,0.24168944536693332
474,10473.703615,0.44628999999986263,0.4201179391267049,0.2320441988950276,0.22488247572191827
475,10474.149415,0.44530999999915366,0.3828657442407886,0.23591160220994464,0.20516095003408114
476,10474.595215,0.44628999999986263,0.34621129495676367,0.2422651933701657,0.20922937764142271
477,10475.041505,0.44628999999986263,0.3312806881767334,0.2455801104972375,0.23274832462131229
478,10475.487795000001,0.4462900000016816,0.31539151244522645,0.2502762430939225,0.25798807958854847
479,10475.933595,0.44530999999915366,0.3012830328592331,0.25718232044198885,0.2603792676211557
480,10476.379395,0.44628999999986263,0.3084629216933459,0.26243093922651933,0.24787181150013593
481,10476.825195000001,0.44531000000097265,0.31964405568884335,0.2679558011049724,0.2415101001187713
482,10477.270995,0.44628999999986263,0.33772903515378705,0.26574585635359116,0.2296622429573843
483,10477.717285,0.44628999999986263,0.3490474769435941,0.26243093922651933,0.22058911288941752
484,10478.163085,0.44530999999915366,0.3542847031096513,0.2621546961325966,0.23071902664108157
485,10478.608395,0.44531000000097265,0.3756766930108312,0.25690607734806614,0.24877520977575793
486,10479.054195,0.44628999999986263,0.3822863214461758,0.2519337016574585,0.25981230431834945
487,10479.5,0.44531999999890104,0.364009226973036,0.2486187845303867,0.26452305584767244
488,10479.945805,0.44628999999986263,0.3427064970915894,0.24419889502762426,0.2709800469184205
489,10480.391605,0.44531000000097265,0.3361246258895816,0.2375690607734806,0.2817822014379755
490,10480.836915,0.44530999999915366,0.3336091901635123,0.23646408839779004,0.29585765906301814
491,10481.282715,0.44628999999986263,0.31634128194956906,0.24585635359116012,0.30783141164776606
492,10481.728514999999,0.44531000000097265,0.2873692617510607,0.2632596685082872,0.3086871769811881
493,10482.173825,0.44530999999915366,0.26523678667793793,0.2767955801104973,0.3057372520486321
494,10482.619625,0.44628999999986263,0.2630347570311192,0.27348066298342544,0.29843495270629816
495,10483.065429999999,0.44532000000072003,0.272933340896789,0.2593922651933701,0.26917409918108237
496,10483.510745,0.44530999999915366,0.2823651948307482,0.2475138121546961,0.2461063599823303
497,10483.956054999999,0.44531000000097265,0.28289618980292186,0.2430939226519337,0.255469981741178
498,10484.401365,0.44530999999915366,0.2732505264202345,0.24972375690607737,0.2685405325143777
499,10484.846679999999,0.44532000000072003,0.2603509122484844,0.26049723756906085,0.28882490311658704
500,10485.291995,0.44530999999915366,0.2598539861583572,0.26160220994475136,0.3113217550939231
501,10485.737795000001,0.4462900000016816,0.2691189667280805,0.254696132596685,0.30750566292784615
502,10486.183595,0.44530999999915366,0.2869031535797656,0.24254143646408832,0.2989947602467104
503,10486.628905,0.44530999999915366,0.30123629315372213,0.2342541436464088,0.3051575448598466
504,10487.074219999999,0.44532000000072003,0.30477660621014424,0.2342541436464088,0.31246963819805385
505,10487.519045000001,0.4443300000002637,0.3061876268880699,0.23646408839779004,0.32463879721369326
506,10487.963865,0.44530999999915366,0.30657710685613404,0.23867403314917124,0.3575882663953925
507,10488.409179999999,0.44532000000072003,0.30578675862004245,0.24088397790055247,0.4012662978801133
508,10488.854495,0.44530999999915366,0.30308955015976863,0.2453038674033149,0.4302015687655485
509,10489.299804999999,0.44531000000097265,0.29823291567735133,0.25193370165745854,0.4477143734389012
512,10490.635255000001,0.4443300000002637,0.3071437140879566,0.23867403314917124,0.42224255593911864
513,10491.080075,0.44530999999915366,0.29544637926847983,0.2430939226519337,0.34953372317440845
514,10491.525389999999,0.44532000000072003,0.2871830322280975,0.2464088397790055,0.30252989972413225
515,10491.970215000001,0.4443300000002637,0.2797811547188643,0.2486187845303867,0.2762543271136011
516,10492.41504,0.44531999999890104,0.26522969424242215,0.25193370165745854,0.27014459099900057
517,10492.860355,0.44531000000097265,0.2533317576970767,0.24972375690607737,0.28809765412996347
518,10493.305175000001,0.4443300000002637,0.24233193246554147,0.2475138121546961,0.2999625284573051
519,10493.75,0.44531999999890104,0.2223081126765123,0.25662983425414354,0.29063134885017194
520,10494.194824999999,0.4443300000002637,0.20645486923390166,0.26519337016574585,0.2709872322707893
521,10494.639645,0.44531000000097265,0.20011706464657533,0.2668508287292818,0.24806589432727127
522,10495.084470000002,0.44434000000001106,0.19788286495924381,0.26353591160221,0.23141384706859783
523,10495.529295,0.44530999999915366,0.19079717819564843,0.2668508287292818,0.22917775320283323
524,10495.974119999999,0.44434000000001106,0.18601144005984283,0.26906077348066304,0.2344057029401343
525,10496.418945000001,0.44531000000097265,0.18595435824577267,0.2668508287292818,0.2267767744867803
526,10496.86377,0.44434000000001106,0.18279928708641585,0.26906077348066304,0.2082876768946293
527,10497.308105,0.4443299999984447,0.18486003395136275,0.2668508287292818,0.19607310001409636
528,10497.752929999999,0.44532000000072003,0.1903026388523703,0.26353591160221,0.19045999289713952
529,10498.197755000001,0.4443300000002637,0.1911089542346203,0.26574585635359116,0.20022108205503886
530,10498.642090000001,0.44434000000001106,0.19079586390135933,0.26906077348066304,0.2226370322810588
531,10499.086425000001,0.4443300000002637,0.18853846457803541,0.27348066298342544,0.23729022493149982
532,10499.530760000001,0.44434000000001106,0.18748243216772037,0.27237569060773487,0.2520753363626271
533,10499.975585,0.44530999999915366,0.19603287802071273,0.26049723756906074,0.28834081770645237
534,10500.420409999999,0.44434000000001106,0.20509640566993192,0.25303867403314906,0.33231970407545
535,10500.864744999999,0.4443300000002637,0.21233925216181473,0.2519337016574585,0.3507723233547303
536,10501.309079999999,0.44434000000001106,0.21940245019536858,0.2519337016574585,0.3290717055414565
537,10501.753420000001,0.44434000000001106,0.2222639965591698,0.25524861878453037,0.29027675781031925
538,10502.197755000001,0.4443300000002637,0.2269307701309331,0.25635359116022105,0.2816297472696827
539,10502.642090000001,0.44434000000001106,0.2343494882925678,0.25303867403314917,0.2981968149356479
540,10503.086425000001,0.4443300000002637,0.240517623278146,0.2497237569060773,0.31180159570457366
541,10503.530760000001,0.44434000000001106,0.2401019618919666,0.2519337016574585,0.3057048388330567
542,10503.9751,0.44434000000001106,0.23005276896872554,0.2643646408839778,0.3029062322213451
543,10504.419435,0.4443300000002637,0.2174868370278773,0.27845303867403315,0.3305648313378159
544,10504.86377,0.44434000000001106,0.21418280187720212,0.2801104972375691,0.3621857524228403
545,10505.30762,0.4433599999993021,0.21596647107908623,0.2767955801104973,0.3797855869800181
546,10505.751465000001,0.4443300000002637,0.22427165175628727,0.2679558011049724,0.3627755131700199
547,10506.195800000001,0.44434000000001106,0.23198229707414422,0.26243093922651933,0.33969756841824805
548,10506.640135000001,0.4443300000002637,0.23137683366450396,0.26740331491712704,0.3281173012420816
549,10507.08398,0.4433599999993021,0.23169539200322387,0.2729281767955801,0.3075233493109124
550,10507.527829999999,0.44434000000001106,0.24556109122081143,0.2643646408839778,0.29174067586622854
551,10507.971679999999,0.4433599999993021,0.26572558662441964,0.24917127071823195,0.2956559473456254
552,10508.415529999998,0.44434000000001106,0.27568124519429577,0.2464088397790055,0.3165629348982226
553,10508.859864999999,0.4443300000002637,0.28040510995838963,0.2475138121546961,0.3259036843297494
554,10509.30371,0.4433600000011211,0.28473474371660357,0.2464088397790055,0.3102993740842305
555,10509.74756,0.44434000000001106,0.2788749720128014,0.2497237569060773,0.30662765353027077
556,10510.19141,0.4433599999993021,0.26005440658794865,0.2541436464088397,0.32893565596886143
557,10510.63477,0.4433599999993021,0.24413551580314746,0.25524861878453037,0.35484478064013447
558,10511.078614999999,0.4443300000002637,0.2322614182046976,0.2593922651933702,0.37709103537314315
559,10511.52246,0.4433600000011211,0.2204871376377478,0.2657458563535912,0.3881267893615232
560,10511.965820000001,0.4433599999993021,0.2155290736691727,0.2679558011049724,0.3995045578016859
561,10512.409670000001,0.44434000000001106,0.21921183371872122,0.2646408839779006,0.39054922056912855
562,10512.85352,0.4433599999993021,0.22689710611243358,0.2604972375690608,0.35650269380314914
563,10513.296875,0.4433500000013737,0.2338286366290676,0.2585635359116022,0.3243196950089956
564,10513.74023,0.4433599999993021,0.24205902202801374,0.2593922651933701,0.3120223572249035
565,10514.184079999999,0.44434000000001106,0.2507820649062009,0.26132596685082876,0.3184393723411171
566,10514.627929999999,0.4433599999993021,0.2602287990094685,0.2604972375690608,0.33479418706169495
567,10515.07129,0.4433600000011211,0.26692840243103144,0.2593922651933701,0.35339604500197064
568,10515.514650000001,0.4433599999993021,0.28013821745766443,0.25276243093922646,0.3543478708905351
569,10515.95801,0.4433600000011211,0.29461514211166706,0.2464088397790055,0.35409339078906477
570,10516.40137,0.4433599999993021,0.30529295751708574,0.2453038674033149,0.36317527025535645
571,10516.84473,0.4433599999993021,0.3265635787723778,0.23756906077348064,0.3526841955235032
572,10517.28809,0.4433600000011211,0.34110269827885964,0.23314917127071821,0.321223758246028
573,10517.73145,0.4433599999993021,0.345265809354898,0.2353591160220994,0.29968114298277004
574,10518.174804999999,0.4433499999995547,0.35556681092858367,0.2303867403314916,0.2974937547304916
575,10518.617675,0.4423900000001595,0.3643553191638943,0.21850828729281752,0.3089776141456311
576,10519.06055,0.4433600000011211,0.368458091982943,0.2149171270718231,0.3278433754203033
577,10519.50391,0.4433599999993021,0.37452213305098425,0.22071823204419874,0.35218483790355326
578,10519.94727,0.4433599999993021,0.37755901219615473,0.22762430939226502,0.37598779816053396
579,10520.39014,0.4423800000004121,0.37674558915371237,0.23480662983425404,0.38223079003854066
580,10520.83301,0.4433600000011211,0.3908590183692791,0.23701657458563527,0.3608485127719
581,10521.27637,0.4433599999993021,0.42642830462699655,0.22734806629834242,0.3301233843514093
589,10524.81934,0.4433600000011211,0.4392248601780945,0.2629834254143646,0.2502062824132588
590,10525.26221,0.4423799999985931,0.43613805312263276,0.2668508287292818,0.24002049571993214
591,10525.70508,0.4433600000011211,0.4437044872427095,0.2599447513812154,0.23179900319712993
592,10526.14795,0.4423800000004121,0.4495493767092379,0.25580110497237557,0.21212421881141608
596,10527.917969999999,0.4433599999993021,0.44743885445488735,0.2519337016574585,0.22457120873324293
599,10529.245605,0.4423900000001595,0.43930150081963976,0.23977900552486187,0.19219550896136933
600,10529.68799,0.4423800000004121,0.43441355995426945,0.23867403314917124,0.19290295323871315
601,10530.130369999999,0.4423799999985931,0.4347843519417174,0.2353591160220994,0.21184091365373753
602,10530.572755,0.4423900000001595,0.4294674370384748,0.23425414364640879,0.22862080866606582
603,10531.01514,0.4423800000004121,0.4255711528177766,0.230939226519337,0.22960368493665528
604,10531.45752,0.4423800000004121,0.4178943349117966,0.2320441988950276,0.2285157133566033
605,10531.8999,0.4423800000004121,0.4027442903189432,0.23867403314917124,0.232102622860854
606,10532.342285,0.4423900000001595,0.38028402137549866,0.2486187845303867,0.23544093045866504
607,10532.78418,0.44139999999970314,0.35729655198228083,0.26049723756906074,0.23916091873380582
608,10533.226075,0.4423900000001595,0.3434632579965742,0.2616022099447514,0.246665919589676
609,10533.66846,0.4423799999985931,0.3248159793570201,0.25635359116022105,0.2604475491014601
610,10534.11084,0.4423800000004121,0.30334391470618427,0.2574585635359116,0.2808409342756307
611,10534.552735000001,0.4414100000012695,0.2968810514622515,0.2574585635359116,0.30019796458355674
612,10534.994630000001,0.4423799999985931,0.29541358165314746,0.2574585635359116,0.313242574376756
613,10535.43701,0.4423800000004121,0.29713181214205575,0.2593922651933701,0.30358668284458357
614,10535.878905,0.4414099999994505,0.31152348063124324,0.2549723756906077,0.26709809457588524
615,10536.3208,0.4423800000004121,0.32376955432666243,0.2508287292817679,0.21618579838857643
616,10536.762695,0.4414099999994505,0.31821943372735295,0.2552486187845303,0.19178701624108258
617,10537.20459,0.4423800000004121,0.3163459426023169,0.2604972375690608,0.21497084979096082
618,10537.646485000001,0.4414100000012695,0.33495262252079816,0.2593922651933702,0.24497210491320343
619,10538.088380000001,0.4423799999985931,0.35099878488706737,0.2591160220994475,0.26568249640563735
620,10538.530275000001,0.4414100000012695,0.3440757700139456,0.2621546961325967,0.26577838553288125
621,10538.97168,0.44139999999970314,0.33500071938247666,0.2593922651933702,0.25275639413886497
622,10539.413575,0.4423900000001595,0.3462879529152908,0.2541436464088398,0.23733208488277255
623,10539.85547,0.44139999999970314,0.36145386293959947,0.2497237569060773,0.236580152521986
624,10540.296875,0.4414099999994505,0.3641395422981486,0.24419889502762426,0.24451850512870626
625,10540.73828,0.44139999999970314,0.37133782179266667,0.2375690607734806,0.2520626016555645
626,10541.180175,0.4423900000001595,0.3892304073366223,0.22679558011049716,0.26291151808599683
627,10541.62207,0.44139999999970314,0.3848019463020058,0.22458563535911596,0.24737640115782067
628,10542.063474999999,0.4414100000012695,0.35357675462014515,0.2353591160220994,0.22351060234947012
629,10542.504885,0.4414099999994505,0.3207846532643269,0.24751381215469606,0.21260671676278264
630,10542.94629,0.44139999999970314,0.28990973008862025,0.26049723756906074,0.20313296646554688
631,10543.387695,0.4414099999994505,0.27487635074632777,0.262707182320442,0.19747476649986143
632,10543.829099999999,0.44140000000152213,0.26897383855498636,0.2585635359116022,0.19664920824064747
633,10544.270505,0.4414099999994505,0.26079345273660004,0.25635359116022094,0.19664348410325666
634,10544.711915,0.4414099999994505,0.2549475155213812,0.25524861878453037,0.21039637972630537
635,10545.15332,0.44139999999970314,0.2519384587083109,0.2541436464088398,0.24066195068682844
636,10545.594724999999,0.4414100000012695,0.2512178247663856,0.25303867403314906,0.26077684039416804
637,10546.036135,0.4414099999994505,0.253410895128621,0.2519337016574585,0.2611600094199193
638,10546.477055,0.44043000000056054,0.2650600348801674,0.24198895027624306,0.23779383807319848
639,10546.91797,0.44139999999970314,0.2744450150365878,0.2342541436464088,0.2227593125550107
640,10547.359375,0.4414099999994505,0.26938362635161744,0.24088397790055244,0.2373175989318069
641,10547.80078,0.44139999999970314,0.2615136335731477,0.2508287292817679,0.2599377940833787
642,10548.241695,0.44043000000056054,0.2611353962823153,0.2541436464088397,0.29644201683284194
643,10548.682615,0.4414099999994505,0.2664895900164944,0.2508287292817679,0.32377941477451455
644,10549.124025000001,0.4414100000012695,0.26403877162240574,0.2497237569060773,0.32802311644316473
645,10549.564945,0.44042999999874155,0.2513974451675025,0.2508287292817679,0.32489234510480913
646,10550.00586,0.44139999999970314,0.2375884195134276,0.2508287292817679,0.3142296631080236
647,10550.446775,0.44043000000056054,0.22232462205264236,0.25662983425414354,0.28472758474457693
648,10550.887695,0.4414099999994505,0.20908922633869204,0.2640883977900552,0.23915112850320147
649,10551.328614999999,0.44043000000056054,0.20973578689984473,0.25773480662983417,0.20633240366327504
650,10551.769045000001,0.44043000000056054,0.2170213059989059,0.2458563535911601,0.19938687495766325
651,10552.20996,0.44139999999970314,0.21800943070195433,0.2430939226519337,0.207852377949994
652,10552.650875,0.44043000000056054,0.2124442871818359,0.2486187845303867,0.211736459838822
653,10553.091795,0.4414099999994505,0.20746943344629185,0.25303867403314906,0.2046892531822869
654,10553.532715000001,0.44043000000056054,0.208291989731694,0.2519337016574585,0.19828506697204884
655,10553.973145,0.44042999999874155,0.20802360778430523,0.25303867403314906,0.19667785767270224
656,10554.413574999999,0.44043000000056054,0.21448362072778443,0.2458563535911601,0.19988680313574247
657,10554.854005000001,0.44043000000056054,0.22350343478427218,0.23591160220994467,0.20533888808857087
658,10555.294925,0.4414099999994505,0.22154671235050594,0.2375690607734806,0.19489572329740562
659,10555.735840000001,0.44042000000081316,0.2143086128417619,0.24419889502762426,0.17367762775930917
660,10556.176265,0.44042999999874155,0.21079809790115064,0.2508287292817679,0.16418452562314312
661,10556.616695,0.44043000000056054,0.21688488457193644,0.25303867403314906,0.17319453171700622
662,10557.057125,0.44043000000056054,0.22640809438354947,0.25331491712707177,0.19766080502995387
663,10557.497555,0.44042999999874155,0.23167708245503832,0.255524861878453,0.2042737838330912
664,10557.937985,0.44043000000056054,0.23052223555603074,0.25635359116022105,0.18240050055926238
665,10558.378415,0.44043000000056054,0.22457738410286132,0.25193370165745854,0.16874355321916623
666,10558.818845,0.44042999999874155,0.21052996529601417,0.25193370165745854,0.18019455031622034
667,10559.25879,0.43946000000141794,0.19535061316285673,0.2541436464088398,0.2102783502697893
668,10559.698735,0.44042999999874155,0.18475544116034887,0.2552486187845303,0.2315333892951617
669,10560.139165,0.44043000000056054,0.17332015972165296,0.2621546961325967,0.23043569296824357
670,10560.579590000001,0.44042000000081316,0.16608562043385303,0.2662983425414365,0.22880981120434832
671,10561.020015,0.44042999999874155,0.16721279177197768,0.26049723756906074,0.23218327792728216
672,10561.45996,0.43946000000141794,0.17237940383526612,0.2541436464088397,0.23426928663424088
673,10561.899905,0.44042999999874155,0.18122122894262807,0.2497237569060773,0.22812545319060457
674,10562.340335,0.44043000000056054,0.19617168230604015,0.24198895027624306,0.20771718816099863
675,10562.780275000001,0.43944999999985157,0.20929656389119833,0.23977900552486184,0.1903976388932463
676,10563.220215000001,0.44043000000056054,0.21582611476739522,0.24419889502762426,0.18322338022734497
677,10563.660155000001,0.43944999999985157,0.21191614013904958,0.2508287292817679,0.1825111338722427
678,10564.100095,0.44042999999874155,0.1988067263431315,0.25801104972375677,0.19218657811531528
679,10564.54004,0.43946000000141794,0.18565554148728114,0.26325966850828725,0.1971852958985882
680,10564.979985,0.44042999999874155,0.17944925259459488,0.26160220994475136,0.1913784429885974
681,10565.419924999998,0.43944999999985157,0.17727606078856167,0.2585635359116022,0.18921789681697238
682,10565.859375,0.43945000000167056,0.17387101691624163,0.262707182320442,0.19575033937142294
683,10566.299315,0.44042999999874155,0.17316397322159743,0.2679558011049724,0.2004810853634842
684,10566.739255,0.43944999999985157,0.17947439952166022,0.26464088397790053,0.19864792303734935
685,10567.17871,0.43946000000141794,0.18734666750693216,0.25718232044198885,0.19740559459912166
686,10567.618165,0.43944999999985157,0.19075454551105586,0.2541436464088397,0.20042353510382505
687,10568.058105,0.44042999999874155,0.18999133152391132,0.25635359116022094,0.20419136748334776
688,10568.498045,0.43944999999985157,0.1865464768024993,0.2638121546961326,0.2056026186546251
689,10568.9375,0.43946000000141794,0.18293862260704766,0.2729281767955801,0.20574233349442264
690,10569.376955,0.43944999999985157,0.18133060800925233,0.2773480662983425,0.20027864762559228
691,10569.816405000001,0.43944999999985157,0.1841913425206949,0.27458563535911606,0.18586166109989935
692,10570.255860000001,0.43945999999959895,0.19133862778963584,0.27016574585635367,0.1755840249887252
693,10570.695315,0.43944999999985157,0.2038176014980149,0.2638121546961326,0.17538025268703972
694,10571.134764999999,0.43944999999985157,0.21499196036510387,0.2585635359116022,0.17880134230106293
695,10571.574219999999,0.43945999999959895,0.22456665472374265,0.25414364640883974,0.1852120547649891
696,10572.013674999998,0.43944999999985157,0.24374045246808257,0.24419889502762426,0.19105521532172542
697,10572.453125,0.43945000000167056,0.2558181812552023,0.24198895027624306,0.19613924097967134
698,10572.892575000002,0.43944999999985157,0.2566234931763165,0.2464088397790055,0.218882984600691
699,10573.33154,0.43847999999889,0.2552199275310877,0.25220994475138114,0.26486372722277085
700,10573.770505,0.43944999999985157,0.2512185547895757,0.2596685082872928,0.3162194041744549
701,10574.20996,0.43946000000141794,0.250767330102192,0.26353591160221,0.3697344511551347
702,10574.649415,0.43944999999985157,0.2567108935801643,0.26243093922651933,0.4209199488199148
703,10575.088380000001,0.43847999999889,0.2638129814909755,0.2593922651933701,0.4446209256222448
704,10575.527344999999,0.43944999999985157,0.274327422179791,0.25276243093922657,0.43122458530855956
705,10575.966795,0.43944999999985157,0.29227795781523613,0.24060773480662984,0.40386035302906054
706,10576.40576,0.43848000000070897,0.3017317339917691,0.2342541436464088,0.38674610844410995
707,10576.844724999999,0.43944999999985157,0.29434829613531566,0.24171270718232046,0.3740044279066643
708,10577.28369,0.43848000000070897,0.28725885717127764,0.2516574585635359,0.3551650464811845
709,10577.722655000001,0.43944999999985157,0.29685554514483886,0.24751381215469606,0.33375815872133296
710,10578.161619999999,0.43847999999889,0.30914186486487977,0.23867403314917124,0.3123310931034456
711,10578.600585,0.43944999999985157,0.3075086027756076,0.23977900552486187,0.3026566268007021
712,10579.03955,0.43848000000070897,0.29762929215289735,0.2475138121546961,0.3198790663901263
713,10579.47803,0.43848000000070897,0.2929065467880873,0.25248618784530374,0.3228954584127736
714,10579.916995,0.43944999999985157,0.29044395053429345,0.25359116022099437,0.2695085250192739
715,10580.35596,0.43847999999889,0.28369841033576493,0.2508287292817679,0.20598376030211454
716,10580.794435,0.4384700000009616,0.27219327937632065,0.2475138121546961,0.17001712405522007
717,10581.232909999999,0.43847999999889,0.2637277985193064,0.24309392265193366,0.15372476927768863
718,10581.67139,0.43848000000070897,0.26285223250388223,0.23867403314917124,0.1562388098679405
719,10582.110355,0.43944999999985157,0.2643321378971024,0.23977900552486184,0.16523960025689394
720,10582.549315,0.4384700000009616,0.2783825538520831,0.2342541436464088,0.15685708486516176
721,10582.98779,0.43847999999889,0.2941382714401054,0.2276243093922652,0.13200470650135776
722,10583.42627,0.43848000000070897,0.29487572855891253,0.23093922651933702,0.11561349069302261
723,10583.864744999999,0.4384699999991426,0.29152006079265885,0.23314917127071821,0.12470300726915257
724,10584.30322,0.43848000000070897,0.28333249130445975,0.23370165745856344,0.15092649561675658
725,10584.7417,0.43848000000070897,0.2639048182220996,0.2397790055248617,0.17544449608643709
726,10585.180175000001,0.4384699999991426,0.24183353965408738,0.2469613259668507,0.18435191449084493
727,10585.61816,0.4375,0.22444478668014317,0.2497237569060773,0.17077882929837884
728,10586.05615,0.43848000000070897,0.20421357026749348,0.25718232044198897,0.14627156706788147
729,10586.494630000001,0.43847999999889,0.18333791174970931,0.26574585635359116,0.1291051749924152
730,10586.933105,0.4384700000009616,0.17081278298019115,0.2679558011049724,0.12192684058914799
731,10587.371579999999,0.43847999999889,0.1665465844627511,0.2638121546961326,0.11781999842819584
732,10587.80957,0.4375,0.1627172377863574,0.26325966850828725,0.1144854655727659
733,10588.24756,0.43848000000070897,0.1561197940186279,0.27071823204419887,0.11565120698525636
734,10588.686034999999,0.4384699999991426,0.1568030961136046,0.2687845303867403,0.12984125044379674
735,10589.12402,0.4375,0.16137555231711992,0.26132596685082865,0.15261136769462036
736,10589.56201,0.43848000000070897,0.162856443200588,0.2593922651933701,0.16343251652213228
737,10590.00049,0.43848000000070897,0.1625457159890693,0.2593922651933701,0.15937812462690348
738,10590.43848,0.4375,0.16095337257122663,0.2604972375690608,0.15446844942863597
739,10590.876465000001,0.4384699999991426,0.16036133366747207,0.2604972375690608,0.15344690984652762
740,10591.31445,0.4375,0.15806849867757167,0.262707182320442,0.15281718282243312
741,10591.75195,0.4375,0.15442810852257816,0.26574585635359116,0.14979385139980464
742,10592.18994,0.43848000000070897,0.15531049584406154,0.26243093922651933,0.14557559206994503
743,10592.62793,0.4375,0.15611621471648357,0.26187845303867396,0.1476340131248297
744,10593.065920000001,0.43847999999889,0.15816766741653743,0.26104972375690605,0.16632058948574419
745,10593.50391,0.4375,0.1608203543965452,0.2585635359116022,0.2010451667533661
746,10593.94141,0.4375,0.16351978280927135,0.2552486187845303,0.2282038936815896
747,10594.37891,0.4375,0.167133935910045,0.2497237569060773,0.21958645656140552
748,10594.816895,0.4384700000009616,0.1699993349415913,0.2453038674033149,0.18779808981341958
749,10595.25488,0.4375,0.17216266340144182,0.2441988950276243,0.1619789696701367
750,10595.69238,0.4375,0.17452030853832085,0.2464088397790055,0.1485407422310544
751,10596.12988,0.4375,0.18412392363156996,0.24309392265193366,0.14536035623476135
752,10596.56738,0.4375,0.1939982528207818,0.23977900552486184,0.15108126097332214
753,10597.00488,0.4375,0.2023038224180716,0.2375690607734806,0.1644039920809236
754,10597.44238,0.4375,0.20725297988942354,0.2375690607734806,0.18082180908463363
755,10597.87988,0.4375,0.2045870995162552,0.24309392265193366,0.20147536742369676
756,10598.31738,0.4375,0.20414972683655183,0.24309392265193366,0.21958646979787283
757,10598.75488,0.4375,0.20342897469971288,0.24088397790055244,0.2159531138113227
758,10599.19238,0.4375,0.2008898606767398,0.24088397790055244,0.19185068702365432
759,10599.62988,0.4375,0.19869111969736022,0.24198895027624306,0.16492404855548234
760,10600.06738,0.4375,0.20126722041252523,0.23867403314917124,0.1417329636179699
761,10600.50488,0.4375,0.20848697926349918,0.23093922651933702,0.1278109706281113
762,10600.94238,0.4375,0.21441024724535984,0.22569060773480656,0.14219345468543873
763,10601.379395,0.4365299999990384,0.2146160675278802,0.22790055248618776,0.16639892941490847
764,10601.81641,0.4375,0.2148009397899584,0.2303867403314916,0.16622867928429683
765,10602.25391,0.4375,0.2218939930845477,0.22513812154696117,0.1563651615357312
766,10602.69141,0.4375,0.2281521319023127,0.22348066298342537,0.1533996210340568
767,10603.128420000001,0.43652000000111,0.23407674380360188,0.22458563535911596,0.15566948285789134
768,10603.56543,0.4375,0.24134929743497785,0.22375690607734794,0.16496471397515125
769,10604.00244,0.43651999999929103,0.25108604585090044,0.22154696132596674,0.17368191980066972
770,10604.43945,0.4375,0.2611180427567667,0.2204419889502761,0.16468635238609353
771,10604.87695,0.4375,0.2691566061508084,0.22154696132596674,0.13988182100746951
772,10605.313965000001,0.4365300000008574,0.28193047092641577,0.2193370165745855,0.11762165650120532
773,10605.75098,0.4375,0.3011068996913978,0.21270718232044186,0.10615503846831828
774,10606.18799,0.43651999999929103,0.31556987870784886,0.20828729281767944,0.10545875667053364
775,10606.62451,0.43651999999929103,0.3100778799678362,0.21712707182320432,0.11087441482997773
776,10607.06152,0.4375,0.3007783456259855,0.23287292817679545,0.11134630988514632
777,10607.498534999999,0.4365300000008574,0.3089185697178484,0.24033149171270707,0.10752662587718384
778,10607.93506,0.43651999999929103,0.33527401576560845,0.23646408839779,0.11040842690407751
779,10608.37207,0.4375,0.37466180124580506,0.22569060773480654,0.12013050665982353
780,10608.809079999999,0.43652000000111,0.3976172344495082,0.22154696132596674,0.12949306299890273
781,10609.245605,0.4365299999990384,0.4223438361445879,0.2171270718232043,0.13718449262838003
848,10638.440915,0.43456999999943946,0.43969189884029547,0.2276243093922652,0.25812109893636587
849,10638.875485,0.43456999999943946,0.387183849733187,0.23535911602209944,0.2538400147168487
850,10639.310055,0.43457000000125845,0.34550684390560726,0.24198895027624306,0.2536115679851588
851,10639.744625,0.43456999999943946,0.3286276462690004,0.24198895027624306,0.24978024044823094
852,10640.179195,0.43456999999943946,0.3181527300793055,0.23867403314917124,0.23634102626310938
853,10640.614255,0.43555000000014843,0.3081362202998472,0.2375690607734806,0.2246112741140446
854,10641.049315,0.43457000000125845,0.29121875959131693,0.24254143646408827,0.2386346521463984
855,10641.483400000001,0.43359999999847787,0.2760614081846516,0.2447513812154695,0.2663482694506014
856,10641.917485,0.43457000000125845,0.26510761102789737,0.2441988950276243,0.27305975866303034
857,10642.352055,0.43456999999943946,0.2585238574152475,0.2430939226519337,0.2625037307749418
858,10642.786625,0.43456999999943946,0.255243117403017,0.2447513812154695,0.2533932292447711
859,10643.221195,0.43457000000125845,0.2574597380590729,0.2447513812154695,0.24776514244433795
860,10643.655765,0.43456999999943946,0.261241518211265,0.2430939226519337,0.25163607365871893
861,10644.090335,0.43456999999943946,0.25390868715757786,0.2441988950276243,0.26509698398217196
862,10644.524415,0.4335900000005495,0.23574757180363035,0.24806629834254135,0.26400667139645884
863,10644.958494999999,0.43456999999943946,0.21782529805167622,0.25027624309392255,0.23539516971661045
864,10645.393065,0.43457000000125845,0.20705099590058196,0.2508287292817679,0.20291203203498875
865,10645.827150000001,0.43359999999847787,0.20339821363052998,0.2519337016574585,0.18914362649016864
866,10646.261235,0.43457000000125845,0.2043418419238166,0.2486187845303867,0.18771042004210528
867,10646.695805,0.43456999999943946,0.2007836261789523,0.2497237569060773,0.18975542315062696
868,10647.129885,0.4335900000005495,0.1936330585101803,0.25828729281767954,0.19916180313560888
869,10647.563965000001,0.43456999999943946,0.1896305582168475,0.2646408839779006,0.21481271882659309
870,10647.998045,0.4335900000005495,0.192117297937073,0.26519337016574585,0.22528100263546996
871,10648.432125,0.43456999999943946,0.2046389530754768,0.2599447513812154,0.2276233890903061
872,10648.86621,0.43360000000029686,0.21944783167055384,0.2541436464088398,0.24047103124105132
873,10649.300295000001,0.43456999999943946,0.23461440367886438,0.2475138121546961,0.2721008343625395
874,10649.734375,0.4335900000005495,0.24988232451406228,0.2453038674033149,0.28607820935595385
875,10650.16797,0.43360000000029686,0.2583916714162481,0.2475138121546961,0.2605897457717873
876,10650.602055,0.43456999999943946,0.2608285153892874,0.24419889502762426,0.22611019847547298
877,10651.036135,0.4335900000005495,0.2520505594566855,0.24419889502762426,0.20528007042624627
878,10651.469724999999,0.4335899999987305,0.22687879494225516,0.2508287292817679,0.19519002530564886
879,10651.90332,0.43360000000029686,0.2014544857407975,0.2541436464088397,0.18895857820944717
880,10652.337405,0.43457000000125845,0.18383275389092177,0.25303867403314906,0.1832022181607839
881,10652.771485000001,0.4335899999987305,0.16699183362691114,0.25303867403314906,0.17990366415712652
882,10653.20508,0.43360000000029686,0.15569362941180878,0.2541436464088397,0.17869702784649505
883,10653.638675,0.4335900000005495,0.15315841825123935,0.2519337016574585,0.16853083925289664
884,10654.072264999999,0.4335899999987305,0.15111036026845215,0.2519337016574585,0.14125699133877728
885,10654.50586,0.43360000000029686,0.1493269301077627,0.2541436464088397,0.10997274251619772
886,10654.939455,0.4335900000005495,0.15140608268138633,0.2519337016574585,0.09497971042007855
887,10655.373045,0.4335900000005495,0.1517468549258152,0.2513812154696131,0.09791048671225594
888,10655.80664,0.43360000000029686,0.15071930596400923,0.25359116022099437,0.10786855581102744
889,10656.240235000001,0.4335899999987305,0.15291971901290585,0.25331491712707177,0.12006459389162188
890,10656.67383,0.43360000000029686,0.15602041100446767,0.25220994475138114,0.13270157592785667
891,10657.107425,0.4335900000005495,0.1576491570741268,0.25303867403314906,0.14152478309469185
892,10657.541014999999,0.4335899999987305,0.15794306985861695,0.25524861878453037,0.14479242306910334
893,10657.974119999999,0.4326200000014069,0.1580053251007584,0.2574585635359116,0.1452362265640875
894,10658.407224999999,0.4335899999987305,0.15818577878404438,0.2604972375690608,0.14606930179894467
895,10658.84082,0.43360000000029686,0.15844730142019472,0.26353591160221,0.14960781522372685
896,10659.274415,0.4335900000005495,0.1634490902342609,0.26049723756906085,0.15165363354596245
897,10659.70752,0.4326199999995879,0.168639535008209,0.2574585635359116,0.14235948050925928
898,10660.140625,0.4335900000005495,0.16820580874840246,0.26160220994475136,0.12419373242143902
899,10660.57422,0.43360000000029686,0.16769354988711102,0.26160220994475136,0.11122410318481048
900,10661.007325,0.4326099999998405,0.16949511368602257,0.25635359116022094,0.11449573434849952
901,10661.44043,0.43360000000029686,0.17186412842276766,0.2497237569060773,0.13227762527758297
902,10661.873535,0.4326099999998405,0.1703836295456791,0.2475138121546961,0.14825635845028354
903,10662.30664,0.43360000000029686,0.16725276272754386,0.2519337016574585,0.15495007676533495
904,10662.739745,0.4326099999998405,0.16884622002249056,0.2497237569060773,0.16214463794689998
905,10663.172849999999,0.43359999999847787,0.1727720964198357,0.24309392265193366,0.17507816588648278
906,10663.60596,0.4326200000014069,0.17540461500503376,0.24088397790055244,0.18830477659916364
907,10664.038575,0.4326099999998405,0.17478503092266007,0.24419889502762426,0.19536460860849003
908,10664.47168,0.43360000000029686,0.16956823260259335,0.2538674033149171,0.19283109188750805
909,10664.904785,0.4326099999998405,0.16501598996472264,0.2635359116022099,0.1823236257647522
910,10665.3374,0.4326199999995879,0.16719936432234295,0.2635359116022099,0.17300793356995098
911,10665.77002,0.4326199999995879,0.1729073164048086,0.2602209944751381,0.1730629048991922
912,10666.203125,0.4335900000005495,0.17617083173384346,0.26243093922651933,0.18088259850031158
913,10666.63623,0.4326199999995879,0.179273386458203,0.2599447513812154,0.1968537168594324
914,10667.06885,0.4326199999995879,0.18489082274522772,0.2513812154696132,0.22289477111114836
915,10667.501465,0.4326099999998405,0.18390928207044024,0.25303867403314917,0.24576303415674317
916,10667.934079999999,0.4326200000014069,0.17785685824241831,0.25773480662983417,0.2566087795138071
917,10668.3667,0.4326199999995879,0.17538654982144955,0.25662983425414365,0.2654280165584927
918,10668.79932,0.4326199999995879,0.17447600709645078,0.25635359116022105,0.2824713421539893
919,10669.231935,0.4326099999998405,0.1707026128746231,0.2616022099447514,0.30482483658045917
920,10669.66455,0.4326199999995879,0.16545218047288035,0.2701657458563536,0.31355557676546464
921,10670.097170000001,0.4326200000014069,0.16340054057833667,0.2756906077348067,0.30318912309231133
922,10670.529785,0.4326099999998405,0.16669637341630356,0.2756906077348067,0.2930175511083303
923,10670.9624,0.4326199999995879,0.1712448122053108,0.27458563535911606,0.2932350445007288
924,10671.39502,0.4326199999995879,0.17557206768969844,0.27016574585635367,0.2939038971528198
925,10671.827150000001,0.4316400000006979,0.1769042445070574,0.2646408839779006,0.2812749703793562
926,10672.25928,0.4326199999995879,0.1698489567942571,0.27016574585635367,0.25465840416852675
927,10672.691895,0.4326099999998405,0.16495784923901186,0.27458563535911606,0.22981240227438293
928,10673.12451,0.4326199999995879,0.16376088761795032,0.2767955801104973,0.22117618519473825
929,10673.556639999999,0.4316400000006979,0.16430204228464296,0.27817679558011055,0.23443586540539638
930,10673.98877,0.4326199999995879,0.16466402293373272,0.2770718232044199,0.2613153678105695
931,10674.422855,0.43555000000014843,0.16408245660282458,0.2790055248618785,0.2827688760753526
932,10674.857915,0.43456999999943946,0.16927995479581343,0.2767955801104973,0.29535011496522623
933,10675.292969999999,0.43554000000040105,0.1795524024057485,0.26906077348066304,0.3049089009961047
934,10675.728514999999,0.43555000000014843,0.18528979903332707,0.27016574585635367,0.3063861392697084
935,10676.164065,0.43555000000014843,0.1889162570030235,0.2756906077348067,0.29958909343099616
936,10676.599610000001,0.43554000000040105,0.20019977639567554,0.27348066298342544,0.2983175671904098
937,10677.035155000001,0.43555000000014843,0.21438315779221268,0.2679558011049724,0.3003023567276286
938,10677.470705,0.43555000000014843,0.22410461654457828,0.26519337016574585,0.2887287977257335
939,10677.90625,0.43553999999858206,0.23195271441631668,0.2621546961325967,0.27121921245327774
940,10678.341795,0.43555000000014843,0.23582604855870348,0.2591160220994474,0.26842386459475515
941,10678.777344999999,0.43555000000014843,0.2328137203998498,0.25690607734806614,0.2728306847993651
942,10679.212889999999,0.43554000000040105,0.22336286277432071,0.254696132596685,0.27129607383023574
943,10679.648435,0.43555000000014843,0.20822795508181502,0.2513812154696132,0.2718473944889054
944,10680.083985000001,0.43555000000014843,0.19495537907872912,0.2486187845303867,0.2730090602193907
945,10680.519530000001,0.43554000000040105,0.19208208974554797,0.2486187845303867,0.2653622230413979
946,10680.955075000002,0.43555000000014843,0.19561117771792325,0.2497237569060773,0.239330397921001
947,10681.390625,0.43554999999832944,0.1931912209162548,0.2560773480662983,0.20308138636336381
948,10681.826659999999,0.43652000000111,0.1863446235958277,0.2582872928176796,0.19323357951632825
949,10682.262695000001,0.43555000000014843,0.17791105382073819,0.25635359116022105,0.21812416027083598
950,10682.698245,0.43555000000014843,0.16870318772923312,0.2582872928176796,0.25302456265504464
951,10683.13379,0.43553999999858206,0.1647085584851438,0.2593922651933701,0.2644214146160059
952,10683.569824999999,0.4365300000008574,0.1653694539356,0.2604972375690608,0.24208190744300617
953,10684.005860000001,0.43554000000040105,0.16449180309279948,0.26132596685082876,0.21539061375480986
954,10684.441405000001,0.43555000000014843,0.1602207277430087,0.2635359116022099,0.2111705124258998
955,10684.87744,0.43651999999929103,0.15816457999307404,0.2635359116022099,0.22591143781056852
956,10685.313474999999,0.43555000000014843,0.1605836772359813,0.2602209944751381,0.23324324470612567
957,10685.74951,0.43651999999929103,0.16750921386329115,0.2538674033149171,0.22372996471287354
958,10686.185545,0.43555000000014843,0.17253569596324114,0.25248618784530374,0.21405004177306253
959,10686.621579999999,0.43652000000111,0.17147670204795823,0.2588397790055248,0.2027767380990575
960,10687.057615000002,0.43555000000014843,0.1744022053310847,0.2560773480662983,0.1866403819822323
961,10687.49365,0.43651999999929103,0.17713413569045663,0.2541436464088398,0.1797759557754975
962,10687.930175000001,0.4365300000008574,0.17510456775950553,0.2582872928176796,0.17651823322954982
963,10688.36621,0.43553999999858206,0.17497517964938125,0.2582872928176796,0.1644572437638369
964,10688.802244999999,0.4365300000008574,0.1779451886000956,0.2535911602209944,0.15206621983514335
965,10689.23877,0.43651999999929103,0.1814935621726967,0.24806629834254135,0.1540812767437944
966,10689.674804999999,0.43555000000014843,0.17980395902834617,0.2497237569060773,0.17428403543559218
967,10690.110840000001,0.43652000000111,0.17453331751026027,0.25635359116022094,0.20369353833658999
968,10690.547365,0.4365299999990384,0.1735946779558766,0.2593922651933701,0.22579881195976956
969,10690.98389,0.43651999999929103,0.1740582014169107,0.26132596685082876,0.23889456625714778
970,10691.420409999999,0.43652000000111,0.17231545259138953,0.2657458563535912,0.24048357443127835
971,10691.856935,0.4365299999990384,0.17321481454606075,0.2674033149171271,0.23336837417176043
972,10692.29346,0.43652000000111,0.17781032876200664,0.2640883977900552,0.2361754168041595
973,10692.729495,0.43555000000014843,0.17983939995597648,0.26353591160221,0.24106226789622384
974,10693.16553,0.43651999999929103,0.17898027326135824,0.26574585635359116,0.23768976513281412
975,10693.60205,0.43651999999929103,0.18287672814184977,0.2629834254143646,0.2349378151915523
976,10694.03906,0.4375,0.19095086231228933,0.2577348066298343,0.23497465856528665
977,10694.476074999999,0.4365300000008574,0.19662907224356047,0.2574585635359116,0.22779116909521563
978,10694.9126,0.43651999999929103,0.20188012694533836,0.25635359116022094,0.20767622348732012
979,10695.349119999999,0.43652000000111,0.2046501733894987,0.25524861878453037,0.1921869363197185
980,10695.785645,0.4365299999990384,0.20701415485321234,0.25524861878453037,0.18780359149735623
981,10696.222170000001,0.43652000000111,0.21354604360509022,0.2508287292817679,0.18160981551233019
982,10696.65869,0.43651999999929103,0.216071429014828,0.25027624309392255,0.17382190457755442
983,10697.0957,0.4375,0.21515085282238514,0.25359116022099437,0.172156976190139
984,10697.532715000001,0.4365300000008574,0.21893625090535535,0.2519337016574585,0.17826783538699023
985,10697.96924,0.43651999999929103,0.22116663889274335,0.25248618784530374,0.1865730810301321
986,10698.40576,0.43651999999929103,0.22068746159516123,0.25773480662983417,0.18705271816416386
987,10698.84277,0.4375,0.22373141572837696,0.2593922651933701,0.17492659569580118
988,10699.279784999999,0.4365300000008574,0.23121630401600957,0.25635359116022094,0.16282796547575648
989,10699.7168,0.4375,0.2478337574144931,0.24419889502762426,0.1783821493937952
990,10700.15381,0.43651999999929103,0.2574847400462771,0.23812154696132587,0.21392562530914
991,10700.590329999999,0.43652000000111,0.25431046517919353,0.2436464088397789,0.21309010979301368
992,10701.02734,0.4375,0.2521634450689286,0.2453038674033149,0.1721805647079698
993,10701.46484,0.4375,0.255969671676553,0.23867403314917124,0.133524367608378
994,10701.901855,0.4365299999990384,0.2520424975736941,0.23756906077348064,0.11590347227891926
995,10702.33887,0.4375,0.24841767470963427,0.23977900552486187,0.12686484390003416
996,10702.775880000001,0.43652000000111,0.2551509275207586,0.23867403314917124,0.15477863202690123
997,10703.21289,0.4375,0.26340482164231466,0.23867403314917124,0.17377038811489767
998,10703.65039,0.4375,0.2723329951147193,0.23646408839779,0.17125978025997401
999,10704.0874,0.43651999999929103,0.27614818972916794,0.2353591160220994,0.16298380133118462
1000,10704.52441,0.4375,0.2737873594312773,0.23867403314917124,0.17412736082892427
1001,10704.96191,0.4375,0.2691938736072276,0.2441988950276243,0.19566497183984377
1002,10705.39941,0.4375,0.26775080832833065,0.2464088397790055,0.20379033827851833
1003,10705.836425000001,0.4365300000008574,0.2696446803917616,0.24198895027624306,0.1906613274857081
1004,10706.27344,0.4375,0.26585278061983236,0.2375690607734806,0.16487772841409826
1005,10706.71094,0.4375,0.2556790616635861,0.23977900552486184,0.14290820535073528
1006,10707.14844,0.4375,0.24680862702854017,0.24309392265193366,0.12957292294256179
1007,10707.58594,0.4375,0.23419141758418266,0.2513812154696132,0.1261344912451193
1008,10708.02344,0.4375,0.22106734520159788,0.26104972375690605,0.13343768529607286
1009,10708.46094,0.4375,0.21433283190665114,0.26243093922651933,0.15134192872198143
1010,10708.89844,0.4375,0.21175778828145392,0.25718232044198885,0.16764506249667616
1011,10709.33594,0.4375,0.20474342269077433,0.25524861878453037,0.1718266333882389
1012,10709.77344,0.4375,0.1951583436469358,0.25524861878453037,0.17344060618683801
1013,10710.21094,0.4375,0.18836838227308408,0.25524861878453037,0.1777318713167787
1014,10710.64844,0.4375,0.18611640330274848,0.2574585635359116,0.1807520863066031
1015,10711.08594,0.4375,0.19773409653988705,0.2453038674033149,0.17789962462097253
1016,10711.523925000001,0.4384699999991426,0.2205682133742703,0.22044198895027622,0.16250324525095194
1017,10711.96191,0.4375,0.24049963888545334,0.19889502762430944,0.137842180754208
1018,10712.39941,0.4375,0.24856540622415302,0.18342541436464094,0.11498860913074753
1019,10712.83691,0.4375,0.27117541435649184,0.15828729281767956,0.09210392368759554
1020,10713.2749,0.43848000000070897,0.2914541207186606,0.13977900552486183,0.06833479325247244
1021,10713.71289,0.4375,0.29179688292768746,0.14419889502762429,0.05123093082020084
1022,10714.15039,0.4375,0.2967269192335766,0.14834254143646408,0.04632260046214007
1023,10714.588380000001,0.43847999999889,0.2933398295704144,0.15138121546961325,0.054477249010600165
1024,10715.02637,0.4375,0.2777210628394172,0.1558011049723757,0.06948699824488219
1025,10715.464355,0.4384700000009616,0.2690900334626312,0.15690607734806633,0.07782708031287075
1026,10715.90234,0.4375,0.26578094364102656,0.1580110497237569,0.07681170400775722
1027,10716.340329999999,0.43847999999889,0.26316647856656317,0.16022099447513813,0.07381497888814917
1028,10716.77832,0.4375,0.24620155254456838,0.1770718232044199,0.0740485069797288
1029,10717.21631,0.43848000000070897,0.21426362656846776,0.20773480662983418,0.08343861523284167
1030,10717.6543,0.4375,0.19251849776576974,0.23232044198895022,0.10332978811693491
1031,10718.092284999999,0.4384699999991426,0.17731523769624385,0.24972375690607737,0.12507075678219604
1032,10718.53027,0.4375,0.16611075080763615,0.2585635359116022,0.13857919726546603
1033,10718.96826,0.43848000000070897,0.1591282095814986,0.26160220994475136,0.14204464032776842
1034,10719.40674,0.43848000000070897,0.16117324747315181,0.25607734806629834,0.14316151720124326
1035,10719.845215000001,0.4384699999991426,0.1654141101401439,0.2508287292817679,0.15066574449655623
1036,10720.2832,0.4375,0.16820083366321442,0.2475138121546961,0.16047432122116795
1037,10720.72119,0.43848000000070897,0.17067834054390765,0.2441988950276243,0.16334220639263083
1038,10721.159670000001,0.43847999999889,0.16943100541243067,0.2464088397790055,0.1571621023526379
1039,10721.598145,0.4384700000009616,0.16632051182266477,0.2513812154696132,0.15075498933473352
1040,10722.036619999999,0.43847999999889,0.1655530395798146,0.25773480662983417,0.16023944286518294
1041,10722.4751,0.43848000000070897,0.17240070973426092,0.2555248618784529,0.17267595816751205
1042,10722.913574999999,0.4384699999991426,0.1812618368288244,0.25027624309392255,0.1674238203382178
1043,10723.35205,0.43848000000070897,0.1870623021152532,0.2486187845303867,0.1700860853608227
1044,10723.79004,0.4375,0.18768049302819728,0.2464088397790055,0.21084340070108132
1045,10724.228514999999,0.43944999999985157,0.1878318624941513,0.23867403314917124,0.25709059037872056
1046,10724.66748,0.43848000000070897,0.18464790922847557,0.23425414364640879,0.28197067926124764
1047,10725.10596,0.43847999999889,0.178892774351818,0.23425414364640879,0.2814016944315495
1048,10725.544435,0.4384700000009616,0.1756345173771171,0.23480662983425404,0.23950751761122452
1049,10725.982909999999,0.43847999999889,0.17183658441745692,0.23922651933701647,0.1952350281438468
1050,10726.42139,0.43848000000070897,0.17774912349482092,0.23314917127071821,0.17354168320199223
1051,10726.859865,0.4384700000009616,0.18614959168284378,0.22458563535911596,0.16438805381185542
1052,10727.298340000001,0.43847999999889,0.1857296361891622,0.22458563535911596,0.1618855460765397
1053,10727.737304999999,0.43944999999985157,0.185789583016075,0.22348066298342537,0.15387877746195835
1054,10728.17627,0.43848000000070897,0.1863732280086817,0.22348066298342537,0.14906420710923723
1055,10728.614744999999,0.4384699999991426,0.18670966655298948,0.22348066298342537,0.1524039223910475
1056,10729.05371,0.43946000000141794,0.18895859089875228,0.22154696132596674,0.15061133058145731
1057,10729.492675000001,0.4384699999991426,0.18479658812671873,0.2279005524861878,0.13672946349324946
1058,10729.93115,0.43848000000070897,0.1785886694440258,0.23867403314917124,0.11902981785934214
1059,10730.370115000002,0.43944999999985157,0.17928737270473283,0.2430939226519337,0.10496111196390154
1060,10730.809079999999,0.43847999999889,0.18309575612171541,0.2430939226519337,0.10177393567022461
1061,10731.248045,0.43944999999985157,0.18188972618148094,0.2453038674033149,0.1145048647886656
1062,10731.68701,0.43848000000070897,0.17678138230527804,0.2486187845303867,0.13592027132589674
1063,10732.125974999999,0.43944999999985157,0.17836855619703057,0.24088397790055244,0.15474015037178945
1064,10732.56494,0.43848000000070897,0.17863274411120922,0.2353591160220994,0.15861027702991148
1065,10733.003905000001,0.43944999999985157,0.17394577779989262,0.23867403314917124,0.14721057975496465
1066,10733.443360000001,0.43945999999959895,0.17822338832769252,0.23204419889502761,0.13423237482034941
1067,10733.882324999999,0.4384699999991426,0.18420561556494963,0.225414364640884,0.1308693069330614
1068,10734.32129,0.43946000000141794,0.18579219198378238,0.22458563535911596,0.1331510032641326
1069,10734.760745,0.43944999999985157,0.18694186171594268,0.22375690607734794,0.1243859234916373
1070,10735.19971,0.43847999999889,0.19173304349709738,0.21823204419889491,0.10413886401322417
1071,10735.638674999998,0.43944999999985157,0.19761061316830464,0.21270718232044186,0.08868807122209532
1072,10736.078125,0.43945000000167056,0.19505594177694505,0.21906077348066294,0.09272765166679439
1073,10736.517575000002,0.43944999999985157,0.19459322576235694,0.2276243093922652,0.11239292663093661
1074,10736.95654,0.43847999999889,0.20145748311331574,0.2320441988950276,0.12523347183686304
1075,10737.395505,0.43944999999985157,0.213666534405238,0.2320441988950276,0.11748665627975773
1076,10737.83496,0.43946000000141794,0.22635667220084632,0.23314917127071821,0.09994983360505276
1077,10738.274415,0.43944999999985157,0.23769478741609903,0.2353591160220994,0.09254125109082856
1078,10738.713865000002,0.43944999999985157,0.2644948076034877,0.21906077348066288,0.10091997990441401
1079,10739.153320000001,0.43945999999959895,0.29351664019252244,0.19530386740331487,0.10918245515116096
1080,10739.592775000001,0.43944999999985157,0.2965273757054983,0.18563535911602216,0.11316550874354074
1081,10740.032224999999,0.43944999999985157,0.2868350971328685,0.1801104972375691,0.11938409804746665
1082,10740.471679999999,0.43945999999959895,0.2841488719318003,0.17348066298342546,0.1200500697908633
1083,10740.911134999998,0.43944999999985157,0.3017049925468839,0.16574585635359118,0.11645187437496675
1084,10741.350585,0.43944999999985157,0.32175173054189926,0.16464088397790055,0.11242347316344195
1085,10741.790525,0.44043000000056054,0.3329778520817036,0.17237569060773483,0.11312588650130732
1086,10742.230469999999,0.43945999999959895,0.3399922189903464,0.17900552486187848,0.12364353631017394
1087,10742.669924999998,0.43944999999985157,0.34160515031450006,0.17900552486187848,0.13812558593413848
1088,10743.109375,0.43945000000167056,0.3144944238084697,0.1886740331491712,0.15039344123549586
1089,10743.549315,0.44042999999874155,0.26816625396551963,0.20939226519337,0.15782854743393002
1090,10743.989255,0.43944999999985157,0.24413647096906788,0.21988950276243088,0.15379976899028547
1091,10744.42871,0.43946000000141794,0.2329887210677551,0.22513812154696133,0.13137374794115686
1092,10744.868655,0.44042999999874155,0.24118241565167883,0.21657458563535906,0.09495578470759197
1093,10745.308594999999,0.43944999999985157,0.26244757077272884,0.19917127071823193,0.06414695732723524
1094,10745.748045,0.43944999999985157,0.27977794811604545,0.18784530386740322,0.05000642335788025
1095,10746.187985,0.44043000000056054,0.29532173878007084,0.17817679558011051,0.04928202524620612
1096,10746.627929999999,0.43945999999959895,0.3027293750499775,0.17569060773480666,0.06168015664207928
1097,10747.067875,0.44043000000056054,0.3062169220925835,0.17569060773480666,0.08102668101078307
1098,10747.507815,0.43944999999985157,0.3182713277197884,0.17016574585635363,0.0921152626064708
1099,10747.947755000001,0.44043000000056054,0.32945756603538456,0.1651933701657458,0.08814919465338067
1100,10748.387695000001,0.43944999999985157,0.3367286055493869,0.15745856353591156,0.0757268600195501
1101,10748.827635000001,0.44043000000056054,0.3290240916618973,0.14502762430939226,0.06808665526824895
1102,10749.268065,0.44042999999874155,0.3094758744289612,0.1386740331491712,0.07803495083085182
1103,10749.708005,0.43944999999985157,0.30799081072099455,0.14419889502762423,0.09938711061916165
1104,10750.147945,0.44043000000056054,0.3091083770491576,0.15828729281767953,0.11967419940018137
1105,10750.588375,0.44043000000056054,0.291366400108067,0.17569060773480666,0.13622921386611692
1106,10751.028320000001,0.43945999999959895,0.2664196598779655,0.18756906077348062,0.1451509331575572
1107,10751.468265,0.44043000000056054,0.24393864403360876,0.1917127071823203,0.14826495037032628
1108,10751.908695,0.44042999999874155,0.2581117505541157,0.17762430939226515,0.1626343795761455
1109,10752.349125,0.44043000000056054,0.2905851839558007,0.1580110497237569,0.17852357070635738
1110,10752.789555,0.44043000000056054,0.2994093843945768,0.15248618784530388,0.18287859949768548
1111,10753.229985,0.44042999999874155,0.28530550034118857,0.16243093922651936,0.19166755811502253
1112,10753.670415,0.44043000000056054,0.27232212336186623,0.17734806629834254,0.2091042914845433
1113,10754.110355,0.43944999999985157,0.27745253934985303,0.18287292817679557,0.21933391412067835
1114,10754.550295000001,0.44043000000056054,0.274108803423421,0.18867403314917122,0.18966879919667862
1115,10754.990725,0.44043000000056054,0.2617453886714941,0.19613259668508273,0.1379786090220515
1116,10755.431155,0.44042999999874155,0.25823252867206936,0.19613259668508273,0.09784772204262229
1117,10755.87207,0.44139999999970314,0.26066580149137486,0.19060773480662968,0.07142892033310322
1118,10756.312985,0.44043000000056054,0.261171486763586,0.18646408839779,0.06887289117557432
1119,10756.753415,0.44043000000056054,0.2690115696517693,0.1779005524861879,0.0765359535210074
1120,10757.193845,0.44042999999874155,0.26487679958582194,0.1745856353591161,0.07625929123795186
1121,10757.634275,0.44043000000056054,0.2469982394246371,0.1853591160220994,0.0746088322065343
1122,10758.074704999999,0.44043000000056054,0.2356311679291822,0.19502762430939213,0.07825750204307876
1123,10758.515135000001,0.44043000000056054,0.22519376376123457,0.2022099447513811,0.07997905801669841
1124,10758.956055,0.4414099999994505,0.21106372321798317,0.21215469613259658,0.07135049940256603
1125,10759.396975,0.44043000000056054,0.1986934413385157,0.2204419889502761,0.06121505959268149
1126,10759.837405,0.44042999999874155,0.19818275517471687,0.2193370165745855,0.07245133107958564
1127,10760.27832,0.44139999999970314,0.20026195370874783,0.2171270718232043,0.10117442444570826
1128,10760.719235,0.44043000000056054,0.19832084135239936,0.22154696132596674,0.13041862828558132
1129,10761.159665,0.44043000000056054,0.19951632524660867,0.22458563535911596,0.15339797756114465
1130,10761.600585,0.4414099999994505,0.20126564113244239,0.2276243093922652,0.17014459116205422
1131,10762.041505000001,0.44043000000056054,0.20440553633627812,0.22569060773480656,0.1849253876653698
1132,10762.482425,0.4414099999994505,0.20940528504179867,0.21767955801104966,0.19804117083309103
1133,10762.923340000001,0.44042000000081316,0.2111851984718301,0.2099447513812154,0.22206109829141282
1134,10763.364255,0.4414099999994505,0.20549815313339176,0.20939226519337004,0.248961145920845
1135,10763.805175000001,0.44043000000056054,0.19506754671305643,0.21408839779005517,0.22947011252945762
1136,10764.246095,0.4414099999994505,0.18292161492931247,0.22265193370165745,0.1634052933956862
1137,10764.687015,0.44043000000056054,0.1766901623036706,0.2287292817679558,0.10684452600328936
1138,10765.127445,0.44042999999874155,0.17869174963848672,0.2287292817679558,0.08056295069567157
1139,10765.56836,0.44139999999970314,0.183505073082465,0.2298342541436464,0.07501522619856091
1140,10766.009275,0.44043000000056054,0.1958303877230051,0.2279005524861878,0.07995261120224026
1141,10766.450195,0.4414099999994505,0.20667683726589148,0.2267955801104972,0.08545042200541157
1142,10766.891114999999,0.44043000000056054,0.2140221149359574,0.22348066298342534,0.08637374262852522
1143,10767.33203,0.44139999999970314,0.21827728105283528,0.21988950276243088,0.08965230261634027
1144,10767.772945,0.44043000000056054,0.2185587737621506,0.22099447513812148,0.10648731144614873
1145,10768.213865,0.4414099999994505,0.2300701087116489,0.2149171270718231,0.12519349353640036
1146,10768.654784999999,0.44043000000056054,0.24519111249818848,0.20883977900552478,0.1340704354687302
1147,10769.095215000001,0.44043000000056054,0.2481276735373822,0.2121546961325966,0.13891490944596108
1148,10769.536135,0.4414099999994505,0.24605840049854236,0.21187845303867398,0.14352036482785324
1149,10769.977055,0.44043000000056054,0.24845921777645677,0.2030386740331491,0.14998741779444175
1150,10770.41797,0.44139999999970314,0.24134073301663378,0.19419889502762427,0.15622370099466204
1151,10770.858885000001,0.44043000000056054,0.23205035823085224,0.17900552486187848,0.15534148861905833
1152,10771.299315,0.44042999999874155,0.234805041369489,0.16049723756906076,0.14319458682841493
1153,10771.740235000001,0.4414100000012695,0.23719681230021067,0.1638121546961326,0.12585007451614166
1154,10772.181155,0.44042999999874155,0.23364412629038855,0.18066298342541431,0.11663005475785325
1155,10772.62207,0.44139999999970314,0.2252178240842234,0.19419889502762425,0.11426384088013533
1156,10773.062985,0.44043000000056054,0.21737893632074254,0.20220994475138113,0.10368206291387266
1157,10773.503905,0.4414099999994505,0.2133955617371397,0.20138121546961313,0.08951388763392523
1158,10773.944824999999,0.44043000000056054,0.22225037260372216,0.19171270718232042,0.08960619067899339
1159,10774.385255000001,0.44043000000056054,0.23601183148080668,0.18563535911602216,0.10081019521160475
1160,10774.826175,0.4414099999994505,0.2393917213222664,0.18950276243093922,0.11053560332342272
1161,10775.267090000001,0.44042000000081316,0.23267422943255853,0.19309392265193365,0.11309102892513659
1162,10775.708005,0.4414099999994505,0.22030937663383926,0.19281767955801102,0.10757989743019605
1163,10776.148925000001,0.44043000000056054,0.21929941792668856,0.18701657458563536,0.10439379682293645
1164,10776.589845,0.4414099999994505,0.22689294252422404,0.18176795580110494,0.10820252853328771
1165,10777.030765,0.44043000000056054,0.22427664874296793,0.18674033149171265,0.11026249157116944
1166,10777.471195,0.44042999999874155,0.22213180026232573,0.1958563535911601,0.10798920101711118
1167,10777.91211,0.44139999999970314,0.2283268415991112,0.19999999999999993,0.10384636122030341
1168,10778.353025,0.44043000000056054,0.22905695532531245,0.20276243093922647,0.09879019689981725
1169,10778.793945,0.4414099999994505,0.22222970407552978,0.20662983425414355,0.09414642547720323
1170,10779.234864999999,0.44043000000056054,0.21577855985316846,0.21049723756906064,0.08728471994943277
1171,10779.675295000001,0.44043000000056054,0.21135164148574653,0.21546961325966846,0.08465802560203561
1172,10780.11621,0.44139999999970314,0.2102021620870954,0.2198895027624309,0.086553638947583
1173,10780.557125,0.44043000000056054,0.21084636819980357,0.22265193370165734,0.08009826486931959
1174,10780.998045,0.4414099999994505,0.21196294474243182,0.22375690607734794,0.06843747984751333
1175,10781.438965000001,0.44043000000056054,0.21384580256968974,0.2212707182320441,0.05236817350705553
1176,10781.879395,0.44042999999874155,0.21148316202955122,0.21685082872928169,0.03930866576078311
1177,10782.320315,0.4414100000012695,0.20108159619520535,0.21546961325966846,0.03282369462241043
1178,10782.761235,0.44042999999874155,0.18318668914569425,0.2223756906077347,0.029748731386711635
1179,10783.202150000001,0.44140000000152213,0.1653144704139881,0.23370165745856342,0.03791060721152819
1180,10783.643065,0.44042999999874155,0.16058068850756876,0.23453038674033141,0.05275982265058274
1181,10784.083985000001,0.4414100000012695,0.16845922729395146,0.22375690607734794,0.07410668661638974
1182,10784.524905,0.44042999999874155,0.17373400708340825,0.21767955801104966,0.10209588019006903
1183,10784.965335,0.44043000000056054,0.1706999947143163,0.2220994475138121,0.12443400189117826
1184,10785.40625,0.44139999999970314,0.16587934250642422,0.23038674033149162,0.13258725758066667
1185,10785.847165,0.44043000000056054,0.1659514450999111,0.23370165745856342,0.12241443854210779
1186,10786.288085,0.4414099999994505,0.17092127518575898,0.2303867403314916,0.10311238097891715
1187,10786.729005000001,0.44043000000056054,0.17179370809201017,0.2320441988950276,0.08574355284538585
1188,10787.169435,0.44042999999874155,0.16941889572128224,0.23950276243093926,0.06981729532722832
1189,10787.610349999999,0.44140000000152213,0.167542280834016,0.2464088397790055,0.062236883134351585
1190,10788.051265,0.44042999999874155,0.17080791007850393,0.2458563535911601,0.07092608663411376
1191,10788.492185,0.4414100000012695,0.18087269319896107,0.23674033149171264,0.08813992692220954
1192,10788.933105,0.44042999999874155,0.18993860508090044,0.2298342541436464,0.09837937864061463
1193,10789.373534999999,0.44043000000056054,0.1906096453782035,0.23259668508287282,0.09464109205499505
1194,10789.814455,0.4414099999994505,0.18938512454419387,0.23591160220994464,0.08568295986253224
1195,10790.255375,0.44043000000056054,0.18904308430768613,0.23701657458563527,0.08179533775989652
1196,10790.69629,0.44139999999970314,0.1876194900487163,0.23812154696132587,0.07880768136620614
1197,10791.137204999999,0.44043000000056054,0.18865928788652997,0.23812154696132587,0.07148879518955985
1198,10791.577635000001,0.44043000000056054,0.19221401822608256,0.23701657458563527,0.07080145160723156
1199,10792.018555,0.4414099999994505,0.19742200796165515,0.23314917127071821,0.08456198896127484
1200,10792.459475,0.44043000000056054,0.20596321894628727,0.22403314917127073,0.10273288937059069
1201,10792.90039,0.44139999999970314,0.21894072008228593,0.20469613259668498,0.11199892488307879
1202,10793.341305,0.44042999999874155,0.23607744490016205,0.18867403314917122,0.1148356407815858
1203,10793.781735,0.44043000000056054,0.25218784015210344,0.18342541436464094,0.11443639168592606
1204,10794.222655,0.4414099999994505,0.25095631157034465,0.19143646408839782,0.11437328242309994
1205,10794.663574999999,0.44043000000056054,0.23093802927632512,0.21325966850828726,0.11787539072166667
1206,10795.104005000001,0.44043000000056054,0.22129046658096932,0.22044198895027614,0.1175891957950777
1207,10795.544925,0.4414099999994505,0.2239854366047777,0.21381215469613246,0.10941301233369424
1208,10795.985840000001,0.44042000000081316,0.22220989319826778,0.21187845303867398,0.09791134836572946
1209,10796.426755,0.4414099999994505,0.21829209296076213,0.2129834254143646,0.08496848449596177
1210,10796.867675000001,0.44043000000056054,0.21357837455532724,0.2160220994475137,0.06963567806792811
1211,10797.308105,0.44042999999874155,0.21389967133830673,0.21298342541436457,0.05089568437852966
1212,10797.749025000001,0.4414100000012695,0.21381174670190578,0.20883977900552486,0.0339462329680157
1213,10798.189945,0.44042999999874155,0.20831923696409002,0.21077348066298335,0.0242246711443541
1214,10798.63086,0.44139999999970314,0.20062117187277106,0.2171270718232043,0.013216855295173933
1215,10799.071775,0.44043000000056054,0.1978994299499799,0.2198895027624309,0.003212327672569241
1216,10799.512204999999,0.44043000000056054,0.2031030109334488,0.21243093922651937,2.5109243956161763e-05
1217,10799.953125,0.4414099999994505,0.20520640609731625,0.2055248618784531,0.0013937236671964272
1218,10800.394045000001,0.44043000000056054,0.2025136347060419,0.20303867403314912,0.007755188923547305
1219,10800.83496,0.44139999999970314,0.20628361356798003,0.19640883977900547,0.015821395464967424
1220,10801.275875,0.44043000000056054,0.20809272711315252,0.19392265193370165,0.022877480056545135
1221,10801.716305,0.44042999999874155,0.2036176370784719,0.1994475138121547,0.030584902307929734
1222,10802.157224999999,0.4414100000012695,0.1994029927594283,0.20552486187845306,0.03137017866463729
1223,10802.598145,0.44042999999874155,0.2005358210771917,0.20662983425414366,0.029985717996638673
1224,10803.038574999999,0.44043000000056054,0.20643342197002756,0.20220994475138127,0.04401115083249953
1225,10803.479495,0.4414099999994505,0.20451200981385073,0.20331491712707186,0.061575377103193836
1226,10803.920415,0.44043000000056054,0.199352186328006,0.2066298342541437,0.07767907676129768
1227,10804.36133,0.44139999999970314,0.19748343830949078,0.2077348066298343,0.10392267117593465
1228,10804.802244999999,0.44043000000056054,0.19482963526143016,0.21104972375690606,0.11886775493264717
1229,10805.242675000001,0.44043000000056054,0.19529650064225765,0.2121546961325967,0.10593332585373928
1230,10805.683595,0.4414099999994505,0.1983900397844613,0.2099447513812155,0.09019333113086739
1231,10806.124515,0.44043000000056054,0.19906867052678628,0.20883977900552486,0.09091221614361494
1232,10806.564945,0.44042999999874155,0.19834728303739052,0.2121546961325967,0.09228590186256215
1233,10807.00586,0.44139999999970314,0.19538128556287154,0.22071823204419885,0.09046578920745282
1234,10807.446775,0.44043000000056054,0.195705381837246,0.22486187845303857,0.08678371176047339
1235,10807.887695,0.4414099999994505,0.19970138735949244,0.22486187845303857,0.06850989354949986
1236,10808.328614999999,0.44043000000056054,0.20809960881780426,0.22320441988950274,0.05883125270234483
1237,10808.769045000001,0.44043000000056054,0.22412514979120407,0.21906077348066302,0.07615075404868951
1238,10809.20996,0.44139999999970314,0.23035162445801155,0.2256906077348067,0.09807389274636924
1239,10809.650875,0.44043000000056054,0.2238971027063993,0.23867403314917124,0.10906285773109362
1240,10810.091305,0.44042999999874155,0.218155358443243,0.2425414364640883,0.10461552166013878
1241,10810.532224999999,0.4414100000012695,0.20982765759679248,0.2425414364640883,0.08692078910283849
1242,10810.973145,0.44042999999874155,0.199062375209083,0.2447513812154695,0.07575295450668101
1243,10811.413574999999,0.44043000000056054,0.197959080026626,0.24033149171270707,0.07565595824852371
1244,10811.854495,0.4414099999994505,0.2017488973913897,0.23480662983425404,0.07469240607252015
1245,10812.295415,0.44043000000056054,0.2046904901234416,0.23370165745856342,0.0738917591873288
1246,10812.73633,0.44139999999970314,0.20826223380524161,0.2325966850828728,0.07566399687570835
1247,10813.177244999999,0.44043000000056054,0.2107330071253046,0.2314917127071822,0.0733504050594184
1248,10813.617675000001,0.44043000000056054,0.21213656216797783,0.2303867403314916,0.07179775253821322
1249,10814.058595,0.4414099999994505,0.2148796166410476,0.2281767955801104,0.07835702551569376
1250,10814.499515,0.44043000000056054,0.22285404379260382,0.22265193370165737,0.08341085587056662
1251,10814.939945,0.44042999999874155,0.23594027539638157,0.2151933701657458,0.08917405144077332
1252,10815.38086,0.44139999999970314,0.2453183766550816,0.2121546961325967,0.0977277536768213
1253,10815.821775,0.44043000000056054,0.2449135569273204,0.21546961325966854,0.09607076318365376
1254,10816.262204999999,0.44043000000056054,0.24313462603472027,0.21878453038674042,0.08700873913053733
1255,10816.703125,0.4414099999994505,0.24415369532382997,0.21878453038674042,0.08266508486746618
1256,10817.144045000001,0.44043000000056054,0.23781875592469423,0.22292817679558008,0.07612141852413712
1257,10817.58496,0.44139999999970314,0.22611314501972263,0.2323204419889502,0.06424900952279437
1258,10818.025875,0.44043000000056054,0.21941537345886658,0.24005524861878447,0.06180592331520271
1259,10818.466305,0.44042999999874155,0.2202637332938303,0.24088397790055244,0.06872835337708874
1260,10818.907224999999,0.4414100000012695,0.22844933033859574,0.2353591160220994,0.07962890180945817
1261,10819.348145,0.44042999999874155,0.24481023831499155,0.22569060773480654,0.10348644965060194
1262,10819.788574999999,0.44043000000056054,0.2734930221809559,0.20939226519337018,0.13317339591324584
1263,10820.229495,0.4414099999994505,0.29156387920317306,0.20110497237569064,0.13877594582442274
1264,10820.670415,0.44043000000056054,0.29346166366960036,0.20220994475138127,0.11042184888942186
1265,10821.110840000001,0.44042000000081316,0.3077044821696799,0.19585635359116021,0.08739464827783837
1266,10821.551755,0.4414099999994505,0.32632941336699106,0.187292817679558,0.09593788497455788
1267,10821.992675000001,0.44043000000056054,0.33362359580321366,0.1850828729281768,0.11827468744488304
1268,10822.433105,0.44042999999874155,0.3488125047178009,0.17955801104972374,0.13970193427690342
1269,10822.874025000001,0.4414100000012695,0.3662349993585005,0.1740331491712707,0.16272313314019266
1270,10823.314945,0.44042999999874155,0.36743403680889264,0.17955801104972374,0.19383779428268924
1271,10823.75586,0.44139999999970314,0.3667363607481823,0.18950276243093922,0.22768551312721164
1272,10824.196775,0.44043000000056054,0.36291256851828,0.20027624309392267,0.25598516444523106
1273,10824.637204999999,0.44043000000056054,0.3460686467405192,0.21353591160220997,0.2817555713514806
1274,10825.078125,0.4414099999994505,0.32418816515581417,0.22596685082872933,0.30687368502233536
1275,10825.519045000001,0.44043000000056054,0.306568702016718,0.23535911602209947,0.32250657599626414
1276,10825.959475,0.44043000000056054,0.30568015419899486,0.23508287292817667,0.2981376479631355
1277,10826.40039,0.44139999999970314,0.3378094632696794,0.21381215469613246,0.22966429909497318
1278,10826.841305,0.44042999999874155,0.3807304194904897,0.18646408839779,0.16534439010572835
1279,10827.281735,0.44043000000056054,0.3971529640069265,0.17182320441988946,0.12767583105863928
1280,10827.722655,0.4414099999994505,0.3785630765409431,0.16270718232044198,0.10643788913660139
1281,10828.163574999999,0.44043000000056054,0.3570987467380944,0.15524861878453033,0.09748618145542491
1282,10828.604005000001,0.44043000000056054,0.3616799747890428,0.1530386740331491,0.09228578456622027
1283,10829.044925,0.4414099999994505,0.3644293261583417,0.16325966850828721,0.07983120464259469
1284,10829.485840000001,0.44042000000081316,0.343977989875647,0.1845303867403314,0.0685963134065064
1285,10829.926265,0.44042999999874155,0.32518986380198456,0.1997237569060773,0.06937371580565221
1286,10830.367185,0.4414100000012695,0.3174148203141829,0.20718232044198892,0.0746040943510678
1287,10830.808105,0.44042999999874155,0.3083131187398884,0.21767955801104966,0.07852316514551831
1288,10831.248534999999,0.44043000000056054,0.3071013946513571,0.22762430939226502,0.08184689934634559
1289,10831.689455,0.4414099999994505,0.32303566230747705,0.22651933701657442,0.08119661459774646
1290,10832.130375,0.44043000000056054,0.35366264317062895,0.21546961325966843,0.07962159400932786
1291,10832.570805,0.44043000000056054,0.3856487771144233,0.20359116022099447,0.0836723175048858
1292,10833.01172,0.44139999999970314,0.411411965513987,0.19281767955801105,0.09086502002040045
1293,10833.452635000001,0.44043000000056054,0.43370841295563267,0.18287292817679557,0.09632276345387705
