Sample	Depth	Water Content	Oil Content	Interconnected Porosity	Average Interconnected Porosity	Air Permeability	Air Permeability	Grain Density	Lithology Code
		% of pore volume	% of pore volume	% bulk volume	% bulk volume	horizontal	vertical		
	(feet)	(%)	(%)	(%)	(%)	mD	mD	g/cc	
1	10277.2			6.0		0.0		2.71	10
2	10278.3			6.8	5.8	0.0		2.66	10
3	10279.2			3.6	5.1	0.0		2.66	10
4	10280.0			6.3	6.2	0.1		2.64	10
5	10281.0			8.6	8.1			2.62	10
									
6	10282.0			8.6	7.9	0.3		2.66	10
7	10282.8			5.6	7.1	1.1		2.64	10
8	10283.8			8.6	8.1	0.0		2.68	10
9	10284.8			9.4	9.0	0.9		2.64	10
10	10285.7			8.5	8.9			2.60	10
									
11	10286.7			9.1	9.1	0.5		2.63	10
12	10287.8			9.6	8.4	0.0		2.66	10
13	10288.6			5.3	7.2	0.0		2.69	10
14	10289.5			8.4	7.9	0.8		2.69	10
15	10290.3			9.5	9.3	1.2		2.63	10
									
16	10290.8			9.7	9.6	1.3		2.62	10
17	10291.7			9.4	9.4	0.8		2.63	10
18	10292.7			9.1	9.2	0.9		2.64	10
19	10293.1			9.2	9.2	0.4		2.65	10
20	10294.1			9.3	9.4		0.01	2.63	10
									
21	10295.1			9.5	9.3			2.65	10
22	10295.8			8.8	9.4			2.63	10
23	10296.9			10.5	9.7			2.64	10
24	10297.8			9.2	9.6	1.6		2.64	10
25	10298.8			9.6	9.3	1.1		2.65	10
									
26	10299.8			9.0	9.2	0.5		2.66	10
27	10300.8			9.3	9.4	0.6		2.67	10
28	10301.6			10.2	10.1	0.4		2.68	10
29	10302.7			10.8	10.3	0.9		2.68	10
30	10303.6			9.3	9.8	0.1		2.70	10
									
31	10304.4			9.8	8.7	1.0		2.69	10
32	10305.4			6.0	7.5	0.0		2.74	10
33	10306.4			8.1	8.1	0.0		2.77	10
34	10307.2			10.2	9.8	0.1		2.70	10
35	10308.1			11.0	10.8			2.66	10
									
36	10309.2			10.9	10.9	0.8		2.66	10
37	10310.0			10.8	10.7	0.3		2.66	10
38	10311.0			10.4	10.2	0.6		2.67	10
39	10312.0			9.3	9.8	0.7		2.69	10
40	10312.8			10.5	10.2	0.8		2.67	10
									
41	10313.7			10.7	10.6	0.6	0.01	2.68	10
42	10314.8			10.5	10.7	0.9		2.68	10
43	10315.5			11.1	10.5	1.5		2.66	10
44	10316.6			9.4	10.0			2.67	10
45	10317.6			9.9	9.9	0.2		2.70	10
									
46	10318.5			10.2	10.2			2.65	10
47	10319.3			10.3	10.2			2.64	10
48	10320.3			10.1	10.2	1.5		2.67	10
49	10321.1			10.5	10.5	4.6		2.67	10
50	10322.2			10.9	11.0			2.65	10
									
51	10323.2			11.5	11.1	6.2		2.64	10
52	10323.9			10.4	10.7	0.4		2.64	10
53	10324.9			10.5	10.4	0.6		2.64	10
54	10325.9			10.4	10.3	0.3		2.64	10
55	10326.5			10.1	9.8	0.4		2.65	10
									
56	10327.4			8.6	12.5			2.67	10
57	10328.7			22.5	15.8	100.0		2.66	20
58	10329.4			9.6	16.2			2.68	10
59	10330.4			22.9	19.5	49.0		2.65	20
60	10331.4			22.5	22.9	79.0		2.65	20
									
61	10332.2			23.4	23.5	110.0		2.64	20
62	10333.2			24.8	24.3	3.9		2.66	20
63	10334.2	59	17	24.3	24.8	33.0		2.64	20
64	10334.7			25.7	22.8	270.0	270	2.64	20
65	10335.7			15.6	19.5	1.6		2.69	20
									
66	10336.5			21.1		19.0		2.63	20
67	10340.1			22.9		460.0		2.63	20
68	10341.1			24.8	25.4	380.0		2.63	20
69	10342.0			29.1	27.6	370.0		2.63	20
70	10342.7	54	14	27.4	28.0	430.0		2.64	20
									
71	10343.7			28.2	27.4	490.0		2.63	20
72	10344.6			25.8	26.4	250.0		2.63	20
73	10345.7			25.6	25.9	170.0		2.63	20
74	10346.7			26.4	26.6	350.0		2.63	20
75	10347.5			28.0	26.8	430.0		2.63	20
									
76	10348.5			24.7	26.2	190.0		2.65	20
77	10349.5			27.5	26.7	400.0		2.64	20
78	10350.4	55	14	27.1	27.3	460.0		2.64	20
79	10351.4			27.3	26.8	320.0		2.64	20
80	10352.4			25.4	26.2	190.0		2.64	20
									
81	10353.0			26.8	26.0	350.0		2.66	20
82	10354.0			25.2	25.2	270.0		2.63	20
83	10355.0			23.7	24.5	160.0		2.63	20
84	10356.1			25.5	24.7	270.0		2.63	20
85	10356.8			24.0	24.9	100.0		2.62	20
									
86	10357.6	55	13	26.1	26.0	350.0		2.66	20
87	10358.1			25.6	25.2	270.0		2.63	20
88	10362.2			23.2	24.5	160.0		2.63	20
89	10363.2			22.2	24.7	270.0		2.63	20
90	10364.1			20.4	24.9	100.0	70	2.62	20
									
91	10365.0			21.9	21.9	710.0		2.63	20
92	10366.0			23.4	23.3	1600.0		2.62	20
93	10367.1	42	20	24.4	24.2	1000.0		2.64	20
94	10367.5			24.6	24.5	1300.0		2.63	20
95	10368.5			24.3	24.2	710.0		2.64	20
									
96	10369.6			23.4	23.6	680.0		2.63	20
97	10370.1			23.4	23.7	620.0		2.63	20
98	10371.0			24.6	24.5	470.0		2.62	20
99	10372.0			25.2	25.4	130.0		2.62	20
100	10373.4	46	23	26.5	26.4	920.0		2.63	20
									
101	10374.5			27.2	27.0	1200.0		2.62	20
102	10375.1			27.1	27.3	1100.0		2.61	20
103	10375.5			27.9	27.2	1100.0	1000	2.61	20
104	10376.6			25.9	26.3	250.0		2.61	20
105	10377.6			25.6	25.6	680.0		2.63	20
									
106	10378.5			25.4	24.8	530.0		2.70	20
107	10379.5			22.9	24.6	200.0		2.62	20
108	10380.5			27.2	25.6	650.0		2.62	20
109	10381.3			25.0	26.5	350.0		2.61	20
110	10382.3			28.9	28.0	1300.0		2.61	20
									
111	10382.6	48	19	29.2	29.3	1900.0		2.62	20
112	10383.3			30.0	29.7	2600.0		2.61	20
113	10384.2			29.5	29.1	1300.0		2.62	20
114	10385.0			27.3	29.4	680.0		2.62	20
115	10386.2			33.3	30.8	1100.0		2.62	20
									
116	10387.2			29.4	30.4	970.0		2.63	20
117	10388.3			29.8	29.8	1300.0		2.62	20
118	10389.3			30.3	30.1	1300.0		2.62	20
119	10390.2			30.1	29.9	1000.0		2.62	20
120	10391.5	53	18	29.0	29.3	910.0		2.62	20
									
121	10392.3			29.1	28.7	700.0		2.62	20
122	10392.9			27.8	27.1	460.0		2.63	20
123	10393.9			23.7	25.8	110.0		2.63	20
124	10394.9			28.1	27.2	620.0		2.62	20
125	10395.7			28.7	28.5	650.0	420	2.63	20
									
126	10396.7			28.6	28.5	650.0		2.63	20
127	10397.5	48	19	28.1	28.4	690.0		2.62	20
128	10398.4			28.6	28.5	680.0		2.67	20
129	10399.4			28.8	29.1	750.0		2.65	20
130	10400.4			30.3	29.6	990.0		2.62	20
									
131	10401.2	51	20	28.9	29.4	930.0		2.62	20
132	10402.8			29.5	28.7	880.0		2.63	20
133	10403.7			26.9	28.1	1600.0		2.61	20
134	10404.7			29.1	27.9	1100.0		2.63	20
135	10405.5			26.5		140.0		2.62	20
									
136	10422.2			24.8		1100.0		2.63	20
137	10423.4			25.0	25.3	850.0		2.62	20
138	10424.4			26.2	26.2	1100.0		2.63	20
139	10424.8			27.3	27.5	1600.0		2.63	20
140	10425.7			29.2	28.0			2.62	20
									
141	10426.6	46	19	26.2	26.6	1200.0		2.62	20
142	10427.8			24.8	25.8	350.0		2.63	20
143	10428.7			27.2	25.3	3200.0		2.63	20
144	10429.8			21.8	22.8	120.0		2.62	20
145	10430.2			20.5		140.0	110	2.62	20
									
146	10482.2			28.7		3500.0		2.62	20
147	10483.2			28.0	28.3	4000.0		2.63	20
148	10484.5	44	21	28.4	28.7	2800.0		2.63	20
149	10485.2			29.8	29.0	4500.0		2.62	20
150	10486.2			28.0	28.3	3500.0		2.62	20
									
151	10487.3			27.3	27.8	3600.0		2.62	20
152	10488.2			28.5	27.3	2400.0		2.62	20
153	10489.2			24.8	26.9	2500.0		2.62	20
154	10489.8	40	24	29.7	27.5	3200.0		2.62	20
155	10491.1			25.8	27.5	1300.0		2.62	20
									
156	10492.1			28.7	27.6	1900.0		2.63	20
157	10494.1			27.2	27.7	110.0		2.62	20
158	10495.1			27.6	27.7	2500.0		2.62	20
159	10496.0			28.3	27.8	1400.0		2.62	20
160	10497.1			27.0	28.6	530.0		2.63	20
									
161	10498.2			31.8	29.6	4300.0		2.62	20
162	10499.4			27.6	29.0	2800.0		2.62	20
163	10500.4	45	18	29.1	29.3	2800.0		2.62	20
164	10501.3			31.4	30.2	3900.0	3500	2.62	20
165	10502.2			28.8	30.0	2500.0		2.62	20
									
166	10502.8			30.9	30.1	3400.0		2.63	20
167	10503.7			29.8	30.2	2400.0		2.62	20
168	10504.6			30.4	29.6	2200.0		2.62	20
169	10505.4			27.8	28.5	1400.0		2.62	20
170	10506.4			27.9	27.7	3100.0		2.62	20
									
171	10507.5			27.1	26.8	1100.0		2.62	20
172	105098.6			25.2	26.4	530.0		2.64	20
173	10509.3	42	20	27.9	25.1	1700.0		2.63	20
174	10510.6			19.3	21.5	69.0		2.69	20
175	10511.0			19.4	18.8	90.0		2.70	20
									
176	10512.0			16.8	17.3	55.0		2.71	20
177	10512.2			16.1	15.4	27.0		2.67	20
178	10513.1			12.6	14.9	2.2		2.66	20
179	10513.2			18.4	17.1	110.0		2.71	20
180	10514.2			18.9	19.7	230.0		2.70	20
									
181	10515.3	39	23	22.7	21.0	970.0		2.66	20
182	10516.2			19.8	20.3	160.0		2.66	20
183	10516.9			18.6	18.1	51.0		2.72	20
184	10517.5			15.3	16.1	6.0		2.75	20
185	10518.4			15.0	15.3	6.9		2.69	20
									
186	10519.5			16.0	16.8	16.0		2.69	20
187	10520.2			20.4	19.8	67.0		2.70	20
188	10521.2			22.6	23.1	180.0		2.65	20
189	10521.9	49	24	26.9	25.1	770.0		2.64	20
190	10522.9			24.1	24.0	1300.0		2.65	20
									
191	10523.9			20.8	20.9	380.0		2.66	20
192	10524.9			18.0	20.6	130.0		2.67	20
193	10525.8			25.6	23.1	1100.0		2.63	20
194	10526.6			23.1	24.6	660.0		2.64	20
195	10527.6			26.4	25.1	1800.0	1600	2.63	20
									
196	10528.4			24.5	25.1	740.0		2.63	20
197	10529.9	50	25	25.0	23.6	1500.0		2.62	20
198	10530.6			19.8	20.9	220.0		2.67	20
199	10531.4			18.9	18.4	210.0		2.69	20
200	10532.3			16.2	17.5	130.0		2.70	20
									
201	10533.3			18.7	18.4	110.0		2.69	20
202	10534.3			20.0	17.7	240.0		2.68	20
203	10535.3			12.1	14.4	9.8		2.72	20
204	10536.3			13.4	13.6	72.0		2.72	20
205	10537.6	31	21	15.7	15.6	94.0		2.70	20
									
206	10538.4			17.8	16.4	61.0		2.69	20
207	10539.4			14.3	17.7	70.0		2.71	20
208	10539.9			24.4	19.5	510.0		2.64	20
209	10541.0			14.9	17.3	63.0		2.71	20
210	10541.9			15.1	14.5	22.0		2.67	20
									
211	10542.6			12.7	13.9	29.0		2.71	20
212	10543.5			15.0	15.1	20.0		2.70	20
213	10544.6			17.6	16.3	32.0		2.69	20
214	10945.3			15.0	15.3	120.0	99	2.71	20
215	10546.1	21	21	13.6	12.6	34.0		2.71	20
									
216	10547.0			8.2	10.4	1.3		2.72	20
217	10548.3			11.5	12.9			2.69	20
218	10549.5			20.5	18.4	420.0		2.68	20
219	10550.3			21.2	19.6	420.0		2.67	20
220	10551.3			15.4	17.3	97.0		2.71	20
									
221	10552.5			17.2	16.0	27.0		2.69	20
222	10553.4			14.1	16.1	37.0		2.70	20
223	10554.1	43	26	18.9	18.3	240.0		2.67	20
224	10555.1			21.1	18.5	530.0		2.66	20
225	10556.1			12.9	15.8	7.4		2.71	20
									
226	10556.8			16.4	15.9	51.0		2.73	20
227	10557.8			17.9	17.1	39.0		2.69	20
228	10559.0			16.1	17.0	41.0		2.73	20
229	10559.6			18.0	17.9	75.0		2.69	20
230	10560.6			19.4	17.9	150.0		2.69	20
									
231	10561.6			15.0	16.7	42.0		2.72	20
232	10562.9	26	19	17.6	17.0	62.0		2.70	20
233	10563.8			17.9	17.7	6.6		2.69	20
234	10564.7			17.5	17.3	110.0		2.69	20
235	10565.3			16.3	17.6	69.0		2.69	20
									
236	10566.3			20.5	20.3	250.0		2.67	20
237	10567.4			24.2	22.6	970.0	400	2.65	20
238	10568.5			21.6	21.2	400.0		2.66	20
239	10569.7	34	20	17.4	20.2	1200.0		2.70	20
240	10570.9			24.3	22.0	780.0		2.64	20
									
241	10572.6	43	26	22.1	22.1	560.0		2.65	20
242	10573.6			19.8	20.3	200.0		2.66	20
243	10574.5			19.6	19.9	200.0		2.67	20
244	10575.2			20.6	18.7	410.0		2.66	20
245	10576.2			14.2	16.8	6.3		2.67	20
									
246	10577.2			18.1	18.4	41.0		2.69	20
247	10577.7			22.9	20.4	190.0		2.66	20
248	10578.8			17.6	20.1	40.0		2.72	20
249	10579.5			22.5	19.7	150.0		2.66	20
250	10580.2	36	21	16.2	18.8	32.0		2.70	20
									
251	10580.6			20.4	19.1	65.0		2.65	20
252	10581.6			19.6	20.9	49.0		2.66	20
253	10582.5			24.2	23.6	380.0		2.65	20
254	10583.5			26.3	24.7	270.0		2.64	20
255	10584.2			22.0	23.5	160.0		2.67	20
									
256	10585.2			23.7	23.1	120.0		2.65	20
257	10585.9			23.1	24.1	180.0	140	2.66	20
258	10586.8	46	23	26.5	25.5	760.0		2.63	20
259	10588.1			26.0	25.7	1000.0		2.64	20
260	10589.1			24.3	24.6	680.0		2.65	20
									
261	10590.4			23.7	24.6	500.0		2.63	20
262	10591.0			26.6	25.8	1300.0		2.64	20
263	10592.0			26.4	26.4	1300.0		2.64	20
264	10593.0			26.3	26.1	1000.0		2.64	20
265	10593.3			25.4	26.4	500.0		2.64	20
									
266	10594.1			28.4	27.2	1300.0		2.63	20
267	10595.1	40	18	26.5	26.2	1700.0		2.63	20
268	10596.1			23.4	25.0	410.0		2.66	20
269	10597.1			26.7	25.9	720.0		2.65	20
270	10598.2			26.9	26.9	1400.0		2.64	20
									
271	10599.2			27.1	27.1	1400.0		2.63	20
272	10600.1			27.1	27.0	1600.0		2.64	20
273	10601.1			26.8	27.0	1900.0		2.64	20
274	10602.2			27.4	27.1	2400.0		2.63	20
275	10603.4	51	22	26.7	27.3	1700.0		2.63	20
									
276	10604.2			28.3	27.7	2600.0		2.63	20
277	10604.9			27.4	27.6	2400.0		2.63	20
278	10606.0			27.2	26.8	1900.0		2.63	20
279	10607.1			25.4	25.7	1000.0	970	2.64	20
280	10608.1			24.9	24.3	720.0		2.64	20
									
281	10609.0			21.6	22.9	180.0		2.66	20
282	10610.0			23.5	23.3	830.0		2.66	20
283	10611.1	47	18	24.8	24.8	950.0		2.64	20
284	10612.0			26.1	26.2	1500.0		2.64	20
285	10612.8			27.6	26.9	810.0		2.64	20
									
286	10613.6			26.1	26.2	1400.0		2.64	20
287	10614.7			25.1	25.6	1000.0		2.65	20
288	10615.6			26.2	23.6	2200.0		2.63	20
289	10616.3			16.9	21.5	6.7		2.66	20
290	10617.5			26.3	24.3	1600.0		2.65	20
									
291	10618.2			27.6	27.1	1700.0		2.63	20
292	10618.9	47	22	27.0	27.1	1900.0		2.63	20
293	10619.1			26.9	26.9	1000.0		2.63	20
294	10620.2			27.0	26.4	1900.0		2.63	20
295	10620.8			24.6	25.5	910.0		2.65	20
									
296	10621.9			25.9	25.9	1100.0		2.64	20
297	10623.0			27.2	26.8	1700.0		2.63	20
298	10623.9			26.8	26.9	1600.0		2.63	20
299	10624.1			26.9	27.0	1300.0		2.63	20
300	10625.0			27.5	27.2	1900.0		2.63	20
									
301	10625.8			26.7	26.0	2200.0	1700	2.64	20
302	10626.3	46	23	23.0	23.4	1100.0		2.61	20
303	10627.4			20.8	22.8	240.0		2.67	20
304	10628.3			26.5	25.3	1200.0		2.64	20
305	10629.2			27.2	27.1	1300.0		2.63	20
									
306	10630.3			27.4	27.2	2000.0		2.63	20
307	10631.2			26.7	25.9	1600.0		2.64	20
308	10632.2			23.0	24.6	380.0		2.65	20
309	10633.1			25.6	24.0	530.0		2.64	20
310	10634.2			21.6	23.4	120.0		2.67	20
									
311	10635.2	45	24	24.7	23.6	1500.0		2.65	20
312	10636.1			23.5	23.8	750.0		2.66	20
313	10637.2			23.5	23.3	620.0		2.67	20
314	10638.1			22.8	23.2	320.0		2.68	20
315	10639.1			23.7	23.3	780.0		2.67	20
									
316	10640.2			23.0	22.6	670.0		2.66	20
317	10641.1			20.7	20.9	380.0		2.72	20
318	10642.3	39	22	19.2	18.9	2700.0		2.70	20
319	10643.2			16.5	19.8	27.0		2.73	20
320	10643.7			27.1	22.8	1600.0	1600	2.69	20
									
321	10644.7			20.5	23.5	69.0		2.66	20
322	10645.7			25.7	22.6	400.0		2.68	20
323	10646.6			18.4	22.6	73.0		2.66	20
324	10647.6			27.9	24.9	1000.0		2.63	20
325	10648.7			25.7	25.7	750.0		2.64	20
									
326	10649.6	54	25	23.6	23.7	530.0		2.65	20
327	10650.7			22.0	22.2	270.0		2.68	20
328	10651.7			21.3	22.2	290.0		2.69	20
329	10652.4			24.3	24.0	320.0		2.66	20
330	10653.3			26.0	25.8	560.0		2.65	20
									
331	10654.3			26.9	26.2	440.0		2.63	20
332	10655.3	53	26	25.0	25.5	500.0		2.64	20
333	10656.4			25.2	25.2	250.0		2.64	20
334	10657.4			25.5	25.8	680.0		2.64	20
335	10657.9			27.1	27.3	1000.0		2.63	20
									
336	10658.9			29.6	27.7	1500.0		2.63	20
337	10659.9			24.3	25.8	500.0		2.66	20
338	10660.9			25.0	24.7	1100.0		2.64	20
339	10661.9			24.7	24.5	940.0		2.65	20
340	10662.5	45	27	23.7	24.9	810.0		2.65	20
									
341	10663.7			27.5	25.0	1400.0	1300	2.63	20
342	10664.7			21.4	24.9	270.0		2.66	20
343	10665.8			29.5	26.7	2800.0		2.63	20
344	10666.5			26.4	26.5	1600.0		2.64	20
345	10667.2			23.7	24.5	430.0		2.64	20
									
346	10668.4			24.4	24.2	620.0		2.64	20
347	10669.5	51	25	24.5	24.2	560.0		2.64	20
348	10670.2			23.5	24.1	400.0		2.66	20
349	10671.3			24.9	25.0	300.0		2.64	20
350	10671.9			26.5	27.1	780.0		2.63	20
									
351	10672.9			30.6	27.3	1600.0		2.63	20
352	10674.4			21.3	24.3	240.0		2.64	20
353	10674.7			24.0	22.4	250.0		2.62	20
354	10675.7			20.2	21.4	140.0		2.63	20
355	10676.3	50	23	21.0	20.9	90.0		2.66	20
									
356	10677.5			21.6	22.4	240.0		2.64	20
357	10678.6			25.6	24.5	370.0		2.61	20
358	10679.5			25.2	24.3	850.0		2.63	20
359	10680.3			21.0	23.6	270.0		2.63	20
360	10681.4			27.3	24.6	1800.0		2.61	20
									
361	10682.5			22.9	24.2	620.0		2.63	20
362	10683.3	50	26	23.8	24.4	650.0		2.65	20
363	10684.2			27.1	25.4	1600.0	1600	2.63	20
364	10685.3			23.5	24.0	970.0		2.62	20
365	10686.1			21.7	23.4	590.0		2.63	20
									
366	10687.2			26.7	25.1	1700.0		2.60	20
367	10688.1			25.5	24.3	1200.0		2.61	20
368	10688.9			19.5	23.3	190.0		2.60	20
369	10690.0			28.6	25.8	2400.0		2.60	20
370	10690.9			26.5	27.1	1700.0		2.61	20
									
371	10691.1			26.7	25.7	1600.0		2.64	20
372	10691.2			22.8	23.5	1000.0		2.66	20
373	10692.1			21.8	22.7	530.0		2.66	20
374	10693.0			24.2	23.6	1100.0		2.64	20
375	10694.1	50	19	24.3	25.0	970.0		2.63	20
									
376	10695.1			27.4	26.7	2200.0		2.63	20
377	10695.7			27.7	27.3	3100.0		2.63	20
378	10696.7			26.2	24.1	1900.0		2.64	20
379	10698.0			16.1	20.8	6.5		2.62	20
380	10698.7			24.8	22.7	780.0		2.64	20
									
381	10699.4			25.0	23.6	980.0		2.63	20
382	10700.9			19.7	21.4	120.0		2.68	20
383	10701.5			21.1	21.6	93.0		2.64	20
384	10702.1	53	21	24.7	23.7	1900.0		2.64	20
385	10703.3			24.4	24.8	790.0	610	2.65	20
									
386	10704.3			25.6	25.1	750.0		2.65	20
387	10705.4			24.6	25.3	280.0		2.64	20
388	10706.4			26.4	25.7	790.0		2.65	20
389	10707.1			25.4	25.7	530.0		2.65	20
390	10708.1			25.7	24.6	790.0		2.66	20
									
391	10709.1	47	23	21.5	23.6	270.0		2.67	20
392	10709.9			25.5	24.4	1200.0		2.65	20
393	10710.9			25.2	25.5	980.0		2.65	20
394	10711.9			25.9	26.1	1300.0		2.64	20
395	10712.6			27.3	27.3	1300.0		2.64	20
									
396	10713.6			28.6	28.3	1300.0		2.63	20
397	10714.7			28.9	28.8	2800.0		2.63	20
398	10715.3			28.6	28.5	2400.0		2.63	20
399	10716.2	50	21	27.8	27.9	2100.0		2.63	20
400	10717.2			27.5	27.6	1800.0		2.64	20
									
401	10718.5			27.5	27.9	1500.0		2.64	20
402	10719.3			29.2	27.8	1700.0		2.63	20
403	10720.3			25.5	26.9	750.0		2.66	20
404	10721.1			27.5	26.8	1100.0		2.64	20
405	10722.0			26.5	26.6	1300.0		2.64	20
									
406	10723.1			25.7	25.7	680.0		2.63	20
407	10724.1	43	20	24.9	25.6	1800.0		2.64	20
408	10724.9			26.9	26.4	2000.0	2000	2.64	20
409	10725.9			27.0	26.2	1400.0		2.63	20
410	10727.1			24.1	23.5	370.0		2.63	20
									
411	10728.1			18.9	21.7	250.0		2.69	20
412	10729.1			24.9	23.6	1400.0		2.65	20
413	10730.0			25.8	26.0	1000.0		2.64	20
414	10731.2			27.5	26.7	1400.0		2.64	20
415	10732.0	46	26	25.8	26.8	1500.0		2.64	20
									
416	10732.7			28.0	27.2	1500.0		2.65	20
417	10733.8			27.0	27.4	1300.0		2.65	20
418	10734.8			27.7	27.8	1200.0		2.66	20
419	10735.7			29.0	28.5	2600.0		2.65	20
420	10736.8			28.5	28.4	2700.0		2.64	20
									
421	10737.8			27.6	27.9	1300.0		2.65	20
422	10738.8	50	19	27.6	27.1	1800.0		2.66	20
423	10739.7			25.5	26.4	1100.0		2.66	20
424	10740.7			26.9	26.1	1400.0		2.64	20
425	10741.6			25.1	25.5	710.0		2.65	20
									
426	10742.4			24.9	25.1	880.0		2.66	20
427	10743.4			25.5	25.6	980.0		2.66	20
428	10744.5			26.3	25.2	680.0		2.65	20
429	10745.5	49	24	22.8	24.2	390.0		2.65	20
430	10746.8			24.9	24.3	750.0		2.65	20
									
431	10747.2			24.7	23.2	810.0	720	2.64	20
432	10748.2			18.6	20.5	110.0		2.67	20
433	10749.3			20.0	20.1	39.0			20
434	10750.1			21.8	22.2	160.0		2.65	20
435	10751.1			25.2	23.8	320.0		2.65	20
									
436	10752.1			23.0	22.6	250.0		2.66	20
437	10753.0			19.4	21.6	56.0		2.69	20
438	10754.5	52	20	24.5	23.4	280.0		2.64	20
439	10755.8			25.2	24.2	680.0		2.65	20
440	10756.7			21.9	22.9	190.0		2.68	20
									
441	10757.7			22.4	23.2	690.0		2.66	20
442	10758.6			26.1	24.9	1700.0		2.64	20
443	10759.6			24.9	24.0	630.0		2.64	20
444	10760.7			20.1	20.6	66.0		2.66	20
445	10761.6			17.3	19.3	85.0		2.69	20
									
446	10762.6	47	20	22.7	22.1	200.0		2.65	20
447	10763.5			25.7	24.4	950.0		2.65	20
448	10764.3			23.3	24.3	170.0		2.64	20
449	10765.3			24.9	25.2	880.0		2.64	20
450	10766.3			27.5	26.8	1200.0		2.64	20
									
451	10767.0			27.1	27.1	1000.0		2.64	20
452	10768.0			26.6	26.1	1000.0		2.64	20
453	10769.0			24.0	24.6	930.0	840	2.66	20
454	10770.1	41	24	23.8	24.1	700.0		2.66	20
455	10770.8			24.8	25.2	840.0		2.65	20
									
456	10772.1			27.3	25.9	1400.0		2.65	20
457	10772.9			24.1	24.9	630.0		2.66	20
458	10774.0			24.0	23.7	660.0		2.66	20
459	10775.0			22.7	23.9	430.0		2.67	20
460	10775.7			26.3	25.3	1300.0		2.64	20
									
461	10776.9	43	23	26.2	25.9	1400.0		2.64	20
462	10778.0			24.9	25.6	660.0		2.65	20
463	10778.4			26.4	25.8	1000.0		2.64	20
464	10779.4			25.6	26.0	990.0		2.65	20
465	10780.4			26.3	26.4	1300.0		2.65	20
									
466	10781.5			27.4	26.3	720.0		2.64	20
467	10782.4			24.1	25.7	100.0		2.64	20
468	10783.4			27.3	26.2	1200.0		2.64	20
469	10784.3			26.0	26.5	650.0		2.65	20
470	10784.9	45	20	26.8	26.6	1400.0		2.64	20
									
471	10786.1			26.7	27.0	950.0		2.64	20
472	10787.1			27.8	27.4	1200.0		2.64	20
473	10788.1			27.5	27.3	1500.0		2.64	20
474	10789.0			26.5	27.1	1000.0		2.65	20
475	10790.0			27.7	27.4	1600.0	1500	2.64	20
									
476	10791.4	46	22	27.8	27.5	1400.0		2.64	20
477	10792.3			26.8	27.4	910.0		2.64	20
478	10793.3			28.1	28.0	1500.0		2.64	20
479	10764.2			28.8	27.2	1600.0		2.63	20
480	10795.2			23.1	25.7	69.0		2.64	20
									
481	10796.2			27.9	26.8	1300.0		2.64	20
482	10797.2			28.1	27.6	1100.0		2.63	20
483	10798.2			26.1	26.2	260.0		2.63	20
484	10799.2	52	25	24.6	24.5	200.0		2.64	20
485	10799.3			22.6	23.9	150.0		2.64	20
									
486	10800.3			25.7	25.3	430.0		2.64	20
487	10802.2			27.1	24.8	250.0		2.63	20
488	10803.0			19.4	23.4	26.0		2.66	20
489	10804.1			27.6	25.4	850.0		2.64	20
490	10805.0			27.1	27.2	630.0		2.65	20
									
491	10806.1	44	22	27.1	26.3	900.0		2.65	20
492	10807.1			24.1		250.0		2.68	20
493	10958.2			17.1		98.0		2.66	20
494	10959.2			18.1	17.4	260.0	6.7	2.67	20
495	10960.2			16.2	16.0	47.0		2.66	20
									
496	10960.8			13.5	15.9	4.8		2.69	20
497	10961.8			20.6	19.2	98.0		2.68	20
498	10962.3			22.1	20.9	380.0		2.65	20
499	10963.6			18.8	19.6	250.0		2.68	20
500	10964.6			18.9	19.7	180.0		2.68	20
									
501	10965.7			22.1	21.4	270.0		2.65	20
502	10966.5			22.6	22.2	270.0		2.66	20
503	10967.5			21.4	21.6	270.0		2.69	20
504	10968.5			20.8	21.5	120.0		2.65	20
505	10969.1			22.9	21.1	220.0		2.63	20
									
506	10970.2			17.9	19.5	31.0		2.69	20
507	10971.1			19.5	19.6	41.0		2.71	20
508	10972.1			21.7	21.4	270.0		2.65	20
509	10973.1			22.8	22.1	330.0		2.64	20
510	10974.1			21.2	22.2	220.0		2.65	20
									
511	10975.1			23.4	21.3	330.0		2.65	20
512	10976.0			17.4	20.2	51.0		2.84	20
513	10977.1			22.8	21.4	250.0		2.65	20
514	10977.7			22.5	22.5	430.0	160	2.64	20
515	10978.7			22.1	20.8	270.0		2.76	20
									
516	10979.8			16.4	18.8	27.0		2.79	20
517	10980.6			20.4	20.0	85.0		2.75	20
518	10981.6			22.7	21.4	270.0		2.68	20
519	10982.7			19.7	20.7	16.0		2.67	20
520	10983.6			20.6	20.7	270.0		2.71	20
									
521	10984.6			21.9	20.6	110.0		2.70	20
522	10985.5			18.1	20.1	91.0		3.31	20
523	10986.6			22.4	19.8	63.0		2.82	20
524	10987.6			16.1	18.9	74.0		2.71	20
525	10988.6			21.1	19.4	240.0		2.66	20
									
526	10989.5			19.5	19.8	160.0		2.66	20
527	10990.3			19.0	19.6	98.0		2.66	20
528	10991.3			21.1	21.0	110.0		2.66	20
529	10992.1			23.0	21.3	300.0		2.65	20
530	10993.2			18.3	19.9	7.2		2.66	20
									
531	10994.0			20.1	20.0	130.0		2.69	20
532	10994.9			21.4	21.2	29.0		2.66	20
533	10996.0			21.7	21.8	160.0		2.66	20
534	10997.0			22.6	21.5	220.0		2.66	20
535	10997.8			19.1	21.1	170.0		2.67	20
									
536	10998.9			23.6	23.0	250.0		2.73	20
537	10999.8			25.7	24.7	850.0		2.64	20
538	11000.7			23.9	23.6	510.0	350	2.66	20
539	11001.7			20.9	22.1	160.0		2.67	20
540	11002.7			22.5	21.9	280.0		2.68	20
									
541	11004.0			21.7	21.7	120.0		2.65	20
542	11004.7			20.8	20.3	200.0		2.65	20
543	11005.7			18.0	18.8	33.0		2.65	20
544	11006.4			18.3	19.5	60.0		2.67	20
545	11007.4			23.3	21.1	710.0		2.66	20
									
546	11008.5			19.6	20.8	120.0		2.69	20
547	11008.9			20.9	19.9	130.0		2.81	20
548	11009.9			18.3	18.4	140.0		2.68	20
549	11010.0			16.0	16.6	56.0		2.71	20
550	11011.6			16.1	17.1	47.0		2.69	20
									
551	11012.7			20.1	19.3	380.0		2.68	20
552	11013.9			21.0	21.5	250.0		2.66	20
553	11014.6			23.9	22.2	690.0		2.64	20
554	11015.6			20.1	22.2	170.0		2.65	20
555	11016.7			24.7		630.0		2.64	20
