,Rt,DEPTH,density_porosity,TVD,GR,Sw,Vshale
1,5.60003,10884.50034830367,0.26353591160220985,10272.00195,59.519,0.3707485799431447,0.20256489438514516
2,6.662939999999999,10885.00034831967,0.26740331491712704,10272.47363,59.125,0.3349768075036668,0.1938423471495058
3,7.32131,10885.50034833567,0.25745856353591146,10272.94531,59.125,0.3319041917242289,0.1938423471495058
4,7.679810000000002,10886.00034835167,0.2502762430939225,10273.41699,62.275,0.3333647013672231,0.26777761841417835
5,7.90638,10886.50034836767,0.2475138121546961,10273.88867,61.488,0.33222032304697485,0.2483809632110543
6,8.108319999999999,10887.00034838367,0.2508287292817678,10274.36035,60.7,0.32372166034327665,0.2295902346391732
7,8.28335,10887.50034839967,0.25966850828729265,10274.83105,61.045,0.30937996646977944,0.2377408163404345
8,8.586910000000001,10888.00034841567,0.26132596685082865,10275.30273,61.488,0.3019349978427871,0.2483809632110543
9,8.84103,10888.50034843167,0.26132596685082865,10275.77441,59.125,0.2975640624482675,0.1938423471495058
10,8.93136,10889.000348447673,0.2624309392265194,10276.24609,59.912,0.2948089370840919,0.21140998860859464
11,8.93672,10889.500348463669,0.2607734806629834,10276.7168,60.553,0.2965937382690714,0.22615302642099375
12,8.74644,10890.000348479667,0.25966850828729265,10277.18848,61.488,0.3010783543063272,0.2483809632110543
13,8.79473,10890.500348495667,0.26298342541436465,10277.66016,62.275,0.29646596589077906,0.26777761841417835
14,9.01774,10891.000348511667,0.2624309392265194,10278.13184,60.46,0.2933935673296177,0.2239893779672512
15,9.28331,10891.500348527668,0.2640883977900551,10278.60254,59.125,0.2873516722504331,0.1938423471495058
16,9.67282,10892.000348543668,0.2569060773480662,10279.07422,57.15600000000001,0.28937669094280233,0.15234651904049945
17,10.0185,10892.500348559668,0.2662983425414363,10279.54492,55.975,0.2743119090441272,0.1290516543511238
18,10.19057,10893.000348575668,0.27458563535911595,10280.0166,55.975,0.263777303965929,0.1290516543511238
19,10.13561,10893.500348591668,0.27127071823204424,10280.48828,55.975,0.2677235741657446,0.1290516543511238
20,10.30523,10894.000348607671,0.2646408839779006,10280.95898,55.975,0.2721627560067962,0.1290516543511238
21,10.55419,10894.500348623667,0.2696132596685083,10281.43066,55.187,0.2639737706246631,0.11413775575132262
22,10.94539,10895.000348639667,0.28232044198895034,10281.90137,54.4,0.2475463525188966,0.0997263983407665
23,11.13447,10895.500348655667,0.28232044198895034,10282.37305,54.13399999999999,0.24543549861473074,0.09496197283119012
24,10.98537,10896.000348671667,0.28066298342541435,10282.84375,53.613,0.2485547088754261,0.08578265986088078
25,10.78002,10896.500348687669,0.2773480662983424,10283.31543,53.613,0.25390985159252544,0.08578265986088078
26,10.78632,10897.000348703668,0.27845303867403315,10283.78613,54.4,0.2528284053140393,0.0997263983407665
27,10.9629,10897.500348719666,0.28011049723756914,10284.25684,55.975,0.2493000504721944,0.1290516543511238
28,11.29675,10898.000348735666,0.27845303867403315,10284.72852,57.395,0.2470505111167692,0.15720264242241094
29,11.6326,10898.500348751666,0.2839779005524861,10285.19922,59.912,0.2387215005947541,0.21140998860859464
30,11.7191,10899.000348767666,0.2790055248618784,10285.6709,59.912,0.2420775659208943,0.21140998860859464
31,11.72786,10899.500348783666,0.2718232044198895,10286.14355,59.912,0.2483811095605746,0.21140998860859464
32,11.57591,10900.000348799666,0.27458563535911595,10286.61719,60.438,0.2474908188371875,0.22347877950063355
33,11.21918,10900.500348815664,0.26906077348066304,10287.08984,60.7,0.256556801695876,0.2295902346391732
34,11.04837,10901.000348831663,0.2662983425414363,10287.5625,62.275,0.2612142762155584,0.26777761841417835
35,10.60799,10901.500348847663,0.26906077348066304,10288.03516,62.275,0.2638441929346144,0.26777761841417835
36,10.58699,10902.000348863665,0.27127071823204424,10288.50879,60.7,0.2619541653143426,0.2295902346391732
37,10.62558,10902.500348879665,0.2773480662983424,10288.98145,60.7,0.2557484511327975,0.2295902346391732
38,10.6314,10903.000348895665,0.27845303867403315,10289.4541,61.265,0.2546638417494427,0.24300016856658102
39,10.43752,10903.500348911664,0.27348066298342544,10289.92676,61.488,0.26169124466680704,0.2483809632110543
40,10.26878,10904.000348927664,0.27624309392265195,10290.40039,62.275,0.26119425657284284,0.26777761841417835
41,10.12837,10904.500348943664,0.2718232044198895,10290.87305,62.275,0.26727489660587755,0.26777761841417835
42,10.07762,10905.000348959662,0.27348066298342544,10291.3457,62.275,0.2663231163468307,0.26777761841417835
43,9.94737,10905.500348975662,0.2740331491712707,10291.81836,63.85,0.2675206059798712,0.3085709738257685
44,9.818,10906.000348991663,0.28011049723756914,10292.29102,63.85,0.26343506308295106,0.3085709738257685
45,9.77606,10906.50034900766,0.28232044198895034,10292.76367,63.85,0.2619330034288741,0.3085709738257685
46,9.51023,10907.00034902366,0.2751381215469612,10293.23633,63.062,0.27250106201952906,0.28782476223466663
47,9.33182,10907.50034903966,0.2679558011049723,10293.70898,61.769,0.2824672728105049,0.25523325625397497
48,9.1259,10908.000349055661,0.26906077348066304,10294.18164,59.912,0.28446329620239097,0.21140998860859464
49,8.90975,10908.50034907166,0.2718232044198895,10294.6543,59.125,0.2849674066936027,0.1938423471495058
50,8.69351,10909.00034908766,0.2696132596685083,10295.12695,60.7,0.29085440866835605,0.2295902346391732
51,8.443589999999999,10909.50034910366,0.2740331491712707,10295.59961,62.238,0.2903673674426661,0.2668513000611644
52,8.20054,10910.00034911966,0.2696132596685083,10296.07227,63.85,0.2994690910438614,0.3085709738257685
76,11.31584,10922.000349503656,0.26740331491712704,10307.41016,63.85,0.257042118159269,0.3085709738257685
77,12.31561,10922.500349519656,0.26519337016574585,10307.88184,63.479,0.24844133308181915,0.2987180203960591
78,12.4544,10923.000349535656,0.26906077348066304,10308.35449,63.062,0.2435020859361912,0.28782476223466663
79,12.57986,10923.500349551656,0.2696132596685083,10308.82617,63.062,0.2417883246920722,0.28782476223466663
80,12.74098,10924.000349567656,0.26740331491712704,10309.29883,59.912,0.24224023182605706,0.21140998860859464
81,12.62895,10924.500349583655,0.26298342541436465,10309.77051,59.511,0.24740158488887504,0.20238635036197028
82,12.27406,10925.000349599655,0.2580110497237569,10310.24316,59.125,0.2557891098343993,0.1938423471495058
83,11.68214,10925.500349615655,0.2524861878453038,10310.71484,59.125,0.2679264863757371,0.1938423471495058
84,10.71609,10926.000349631657,0.2618784530386739,10311.1875,60.7,0.2697096802768438,0.2295902346391732
85,9.61335,10926.500349647657,0.26298342541436465,10311.65918,59.912,0.283562451432996,0.21140998860859464
86,8.660210000000001,10927.000349663656,0.26298342541436465,10312.13086,59.125,0.2987596126682358,0.1938423471495058
87,7.94448,10927.500349679654,0.26740331491712704,10312.60352,60.019,0.30677145940375994,0.21384353630739844
88,7.4886,10928.000349695654,0.27679558011049715,10313.0752,60.7,0.3052495338669652,0.2295902346391732
89,7.293439999999999,10928.500349711654,0.2740331491712707,10313.54688,63.85,0.31242456104503624,0.3085709738257685
92,6.976210000000001,10930.000349759655,0.26298342541436465,10314.96289,64.145,0.3328712804950082,0.3165156186042584
93,7.378710000000001,10930.500349775652,0.2585635359116022,10315.43457,63.85,0.32919784081487163,0.3085709738257685
94,8.27943,10931.000349791651,0.2497237569060773,10315.90625,62.831,0.3217765551470746,0.2818718132734843
95,9.31966,10931.500349807653,0.2475138121546961,10316.37891,61.487,0.3059954746197435,0.2483567216550512
96,10.64806,10932.000349823653,0.2480662983425413,10316.85059,59.43899999999999,0.2856350289686982,0.20078214533126704
97,12.60697,10932.500349839653,0.2519337016574585,10317.32227,58.337,0.2584775626142946,0.1768234962781095
98,14.14566,10933.000349855653,0.2491712707182321,10317.79395,56.762,0.2467203102746911,0.14444646715830695
99,15.2374,10933.500349871652,0.2519337016574585,10318.26563,55.37300000000001,0.23511090607908144,0.11761375928022233
100,15.82823,10934.000349887652,0.253038674033149,10318.7373,54.4,0.2296737692945309,0.0997263983407665
101,15.601820000000002,10934.500349903652,0.2519337016574585,10319.20898,57.55,0.2323488770557183,0.16037811541519292
102,15.14694,10935.000349919652,0.2541436464088397,10319.68164,58.777,0.2337613829148073,0.18625706042930235
103,14.73847,10935.500349935652,0.2569060773480662,10320.15332,59.912,0.2344303836599297,0.21140998860859464
104,14.51498,10936.000349951652,0.2519337016574585,10320.625,61.488,0.2408906749838281,0.2483809632110543
105,14.4548,10936.500349967653,0.2519337016574585,10321.09668,61.052,0.24139160697295586,0.2379074134542849
106,14.55342,10937.000349983653,0.25635359116022105,10321.56836,60.7,0.2364245331099532,0.2295902346391732
107,15.06404,10937.500349999653,0.2535911602209945,10322.04004,58.539,0.23491439841047,0.1811327642449456
108,16.20594,10938.000350015649,0.2469613259668509,10322.51172,56.762,0.23256717398025595,0.14444646715830695
109,17.592389999999995,10938.50035003165,0.2486187845303865,10322.9834,54.4,0.2217267627190229,0.0997263983407665
110,18.7353,10939.00035004765,0.2475138121546961,10323.4541,52.825,0.21581653337418105,0.07227450588747696
111,19.45116,10939.50035006365,0.2298342541436464,10323.92578,52.825,0.22810088397139264,0.07227450588747696
112,20.06138,10940.00035007965,0.2353591160220993,10324.39746,52.825,0.21933253129561006,0.07227450588747696
113,20.49329,10940.50035009565,0.2668508287292818,10324.86914,52.825,0.1913991824728716,0.07227450588747696
114,20.68355,10941.00035011165,0.2878453038674033,10325.34082,52.825,0.17662118267566967,0.07227450588747696
115,20.43647,10941.50035012765,0.2961325966850829,10325.8125,53.613,0.17271311671180076,0.08578265986088078
116,19.85042,10942.00035014365,0.29502762430939217,10326.28418,52.037,0.1759004477721117,0.059205211542875814
117,19.15214,10942.50035015965,0.3005524861878453,10326.75488,51.25,0.17578649163108845,0.04657630229802427
118,18.38926,10943.00035017565,0.3066298342541435,10327.22656,52.825,0.17584010821751012,0.07227450588747696
119,17.855520000000006,10943.500350191647,0.32430939226519323,10327.69824,55.975,0.1687208285942449,0.1290516543511238
120,17.09821,10944.000350207647,0.3281767955801104,10328.16992,56.762,0.17038497061859975,0.14444646715830695
121,16.07882,10944.500350223647,0.31602209944751386,10328.64063,56.762,0.1824609520463614,0.14444646715830695
122,15.37914,10945.000350239648,0.2861878453038673,10329.1123,56.762,0.2060142526417027,0.14444646715830695
123,14.93169,10945.500350255648,0.26132596685082865,10329.58398,57.55,0.22896939093636945,0.16037811541519292
124,14.9405,10946.000350271648,0.2646408839779006,10330.05566,57.55,0.22603462568268465,0.16037811541519292
125,15.19894,10946.500350287648,0.26740331491712704,10330.52637,57.55,0.22178952977539687,0.16037811541519292
126,15.779370000000002,10947.000350303648,0.253038674033149,10330.99805,59.125,0.2300290809075464,0.1938423471495058
127,16.37932,10947.500350319648,0.24088397790055244,10331.46875,57.55,0.2371693858300237,0.16037811541519292
128,16.685570000000002,10948.000350335647,0.2270718232044199,10331.94043,56.15600000000001,0.2492761374131757,0.13254743470202546
129,16.903470000000002,10948.500350351647,0.21602209944751385,10332.41211,55.187,0.26033248329462544,0.11413775575132262
130,16.921789999999998,10949.000350367647,0.2259668508287292,10332.88281,54.4,0.24874055184661745,0.0997263983407665
131,16.66774,10949.500350383647,0.23867403314917124,10333.35449,54.4,0.2372853614328682,0.0997263983407665
132,16.845110000000002,10950.000350399649,0.2580110497237569,10333.8252,54.4,0.21834298627906695,0.0997263983407665
133,16.84088,10950.500350415648,0.27292817679557996,10334.29688,54.198,0.20643518105453812,0.0961034527336516
134,16.73913,10951.000350431645,0.27292817679557996,10334.76758,53.898,0.2070616460068493,0.0907791303702598
135,16.550720000000002,10951.500350447646,0.26132596685082865,10335.23926,53.613,0.21748207381922724,0.08578265986088078
136,16.820710000000002,10952.000350463646,0.2558011049723757,10335.70996,53.613,0.22038899241627904,0.08578265986088078
137,16.71332,10952.500350479646,0.25635359116022105,10336.18164,54.519,0.2206194041483458,0.10187510989796876
138,16.67932,10953.000350495646,0.2419889502762429,10336.65234,55.187,0.2339536208864195,0.11413775575132262
139,16.50527,10953.500350511646,0.2292817679558012,10337.12402,55.726000000000006,0.24821820965739885,0.124285674288716
140,16.62621,10954.000350527644,0.2132596685082873,10337.59473,55.975,0.2658943545956668,0.1290516543511238
141,16.978679999999994,10954.500350543643,0.19226519337016568,10338.06543,54.4,0.2918514440800868,0.0997263983407665
142,17.34675,10955.000350559643,0.187292817679558,10338.53711,53.022,0.2964041596543707,0.07560983394367461
143,17.33237,10955.500350575645,0.19447513812154688,10339.00781,52.037,0.2855758070833034,0.059205211542875814
144,16.73977,10956.000350591645,0.20331491712707173,10339.47852,52.037,0.27795243952989424,0.059205211542875814
145,15.833570000000002,10956.500350607645,0.20331491712707173,10339.9502,49.675,0.28579577894437663,0.0225197579687527
146,15.43805,10957.000350623644,0.19944751381215456,10340.4209,49.396,0.2950459302937507,0.01842143250637069
147,15.41735,10957.500350639644,0.1955801104972376,10340.8916,48.887,0.3010820914564863,0.011066920635655932
148,16.82323,10958.000350655644,0.19723756906077333,10341.3623,50.253,0.2858052122191925,0.031164223677814438
149,16.31909,10958.500350671642,0.20220994475138127,10341.83398,51.25,0.28305054660789025,0.04657630229802427
150,15.14913,10959.000350687642,0.20110497237569053,10342.30469,50.462,0.29539138303897683,0.03434190398069452
151,14.79418,10959.500350703642,0.20220994475138127,10342.77539,49.675,0.297280564828456,0.0225197579687527
152,14.183370000000002,10960.000350719642,0.20110497237569053,10343.24609,50.095,0.30528252999978633,0.028780366782685418
153,13.799220000000002,10960.500350735641,0.19944751381215456,10343.7168,50.462,0.3120747137721265,0.03434190398069452
154,14.309,10961.000350751641,0.19889502762430933,10344.1875,50.462,0.3073165219853356,0.03434190398069452
155,14.85425,10961.500350767641,0.20110497237569053,10344.65918,50.462,0.2983089640957612,0.03434190398069452
156,15.1976,10962.00035078364,0.2066298342541437,10345.12988,50.029,0.2870343977506134,0.02778924355877848
157,15.00891,10962.50035079964,0.2099447513812154,10345.60059,49.675,0.28427251956876565,0.0225197579687527
158,15.02364,10963.00035081564,0.2066298342541437,10346.07129,49.675,0.28869141267813103,0.0225197579687527
159,15.22391,10963.50035083164,0.2060773480662982,10346.54199,51.25,0.28755512768727515,0.04657630229802427
160,15.91642,10964.00035084764,0.21270718232044186,10347.0127,52.341,0.2724643131038534,0.0641960970695302
161,16.436020000000006,10964.50035086364,0.21049723756906066,10347.4834,52.825,0.27093789098314763,0.07227450588747696
162,16.69407,10965.000350879642,0.2066298342541437,10347.9541,51.522,0.2738673974737321,0.050894031859481714
163,16.312820000000002,10965.500350895642,0.21436464088397786,10348.4248,50.462,0.2670525962254263,0.03434190398069452
164,15.52351,10966.00035091164,0.2270718232044199,10348.89551,51.25,0.25843793802680665,0.04657630229802427
165,15.149779999999998,10966.500350927641,0.2337016574585636,10349.36621,51.53,0.25418476780248445,0.05102177058307095
166,15.2697,10967.000350943641,0.2314917127071824,10349.83691,51.831,0.2556017228379233,0.055859196228474295
167,15.244229999999998,10967.500350959639,0.2276243093922652,10350.30664,52.037,0.26016153702897216,0.059205211542875814
168,15.07544,10968.000350975639,0.2303867403314916,10350.77734,52.037,0.2584770561879025,0.059205211542875814
169,15.30656,10968.500350991639,0.23093922651933685,10351.24805,52.525,0.2559045284661531,0.06724793514701886
170,15.47759,10969.00035100764,0.23646408839779,10351.71875,53.613,0.2485407554392775,0.08578265986088078
171,14.77363,10969.500351023638,0.23867403314917124,10352.18945,53.613,0.2520378093761347,0.08578265986088078
172,14.2819,10970.000351039638,0.2441988950276241,10352.66016,53.219,0.2505404128831492,0.07897281578622878
173,14.04638,10970.500351055638,0.2453038674033149,10353.12988,52.825,0.2514941430019245,0.07227450588747696
174,14.18922,10971.000351071638,0.2453038674033149,10353.60059,52.825,0.2502250707842117,0.07227450588747696
175,14.18525,10971.500351087638,0.24088397790055244,10354.07129,54.098,0.2548520114862348,0.09432123470970527
176,14.184870000000002,10972.000351103638,0.2353591160220993,10354.54199,55.187,0.2608379468080548,0.11413775575132262
177,13.94424,10972.500351119636,0.24088397790055244,10355.01172,55.975,0.25704498689758576,0.1290516543511238
178,13.40941,10973.000351135635,0.2436464088397789,10355.48242,55.975,0.2591490539408317,0.1290516543511238
179,12.99029,10973.500351151635,0.2447513812154697,10355.95313,55.975,0.26210777428502835,0.1290516543511238
180,13.03636,10974.000351167635,0.2475138121546961,10356.42285,54.63399999999999,0.2587240884936546,0.10396180359861404
181,13.14029,10974.500351183637,0.2524861878453038,10356.89355,53.613,0.2526238659876812,0.08578265986088078
182,13.18047,10975.000351199636,0.2541436464088397,10357.36426,52.825,0.2505934827045904,0.07227450588747696
183,13.31678,10975.500351215636,0.2558011049723757,10357.83398,52.825,0.2476922672862764,0.07227450588747696
184,13.10819,10976.000351231636,0.25745856353591146,10358.30469,52.825,0.24804802388912275,0.07227450588747696
185,12.99283,10976.500351247636,0.25635359116022105,10358.77441,53.44,0.25022067623734384,0.08277869752456614
186,12.99716,10977.000351263636,0.2541436464088397,10359.24512,54.4,0.2523544617914628,0.0997263983407665
187,13.00669,10977.500351279636,0.2502762430939225,10359.71582,54.99100000000001,0.25616008303078225,0.11050407549875108
188,13.811470000000002,10978.000351295635,0.2464088397790053,10360.18555,55.975,0.2524865459439219,0.1290516543511238
189,15.76889,10978.500351311635,0.2480662983425413,10360.65625,56.762,0.23471786666913344,0.14444646715830695
190,17.98842,10979.000351327635,0.2519337016574585,10361.12598,56.762,0.2163872660682568,0.14444646715830695
191,19.30126,10979.500351343637,0.25745856353591146,10361.5957,55.6,0.20441572658380894,0.1218928604350971
192,19.74203,10980.000351359637,0.2718232044198895,10362.06641,54.4,0.1914397178588441,0.0997263983407665
193,19.515220000000006,10980.500351375636,0.2723756906077348,10362.53613,53.613,0.1921584146399833,0.08578265986088078
194,19.10282,10981.000351391634,0.27679558011049715,10363.00684,55.187,0.19112019703282626,0.11413775575132262
195,18.66808,10981.500351407634,0.28011049723756914,10363.47656,56.255,0.1910448197263552,0.13447074088992866
196,19.08907,10982.000351423634,0.27845303867403315,10363.94629,57.55,0.19005098743147544,0.16037811541519292
197,20.66835,10982.500351439634,0.2773480662983424,10364.41699,58.337,0.18337343959816665,0.1768234962781095
198,19.23593,10983.000351455634,0.2740331491712707,10364.88672,58.337,0.1923777236689657,0.1768234962781095
199,18.92843,10983.500351471634,0.2718232044198895,10365.35645,58.337,0.1955107549201444,0.1768234962781095
200,20.61807,10984.000351487632,0.2723756906077348,10365.82715,57.792,0.1869485615674528,0.16537738387968215
201,20.07188,10984.500351503631,0.27348066298342544,10366.29688,57.55,0.18870952749193376,0.16037811541519292
202,20.10892,10985.000351519633,0.27292817679557996,10366.7666,58.337,0.1889172999806172,0.1768234962781095
203,17.81949,10985.500351535633,0.2701657458563535,10367.23633,59.736,0.2027386535320941,0.20743080785307036
204,16.95091,10986.000351551633,0.2718232044198895,10367.70703,61.488,0.2066005342844035,0.2483809632110543
205,16.49079,10986.500351567633,0.2696132596685083,10368.17676,60.7,0.21117986088550955,0.2295902346391732
206,16.522660000000002,10987.000351583632,0.27348066298342544,10368.64648,60.7,0.20799259341749093,0.2295902346391732
207,16.37286,10987.500351599632,0.2657458563535911,10369.11621,61.488,0.2150233885192299,0.2483809632110543
208,16.35511,10988.000351615632,0.2541436464088397,10369.58594,61.488,0.22496164842992136,0.2483809632110543
209,15.93021,10988.500351631632,0.25745856353591146,10370.05566,61.488,0.22500718425706065,0.2483809632110543
210,15.42598,10989.000351647632,0.26519337016574585,10370.52637,63.85,0.22198592183528887,0.3085709738257685
216,14.03568,10992.000351743627,0.2878453038674033,10373.34473,63.85,0.21440682203455927,0.3085709738257685
217,13.58226,10992.50035175963,0.2795580110497236,10373.81445,63.85,0.2244173942377645,0.3085709738257685
218,12.99595,10993.00035177563,0.2751381215469612,10374.28418,63.85,0.2331093500171084,0.3085709738257685
219,12.85329,10993.50035179163,0.27845303867403315,10374.75391,63.062,0.2316089632061099,0.28782476223466663
220,13.10522,10994.00035180763,0.26906077348066304,10375.22363,62.169,0.2373788015509989,0.26512767424188616
221,13.26159,10994.50035182363,0.2696132596685083,10375.69336,61.488,0.2354916060490629,0.2483809632110543
222,14.51551,10995.00035183963,0.2646408839779006,10376.16211,59.125,0.2293197127063622,0.1938423471495058
223,15.58276,10995.50035185563,0.2679558011049723,10376.63184,55.581,0.2185894123552324,0.12153313448454706
224,14.76437,10996.000351871631,0.2646408839779006,10377.10156,52.825,0.2273788567562526,0.07227450588747696
225,14.039,10996.50035188763,0.26298342541436465,10377.57129,52.825,0.2346486242838336,0.07227450588747696
226,14.18017,10997.000351903627,0.2668508287292818,10378.04102,53.495,0.23009395156461865,0.08373135382676293
227,14.408970000000002,10997.500351919629,0.2662983425414363,10378.51074,54.4,0.2287333787692025,0.0997263983407665
228,15.74459,10998.000351935627,0.26740331491712704,10378.97949,53.613,0.21791243445623187,0.08578265986088078
229,16.233710000000002,10998.500351951629,0.27624309392265195,10379.44922,54.4,0.20773714373301932,0.0997263983407665
230,15.42365,10999.000351967627,0.2718232044198895,10379.91895,56.028,0.216587988822522,0.13007253623178452
231,15.76512,10999.500351983628,0.2696132596685083,10380.38867,57.55,0.21598549677507028,0.16037811541519292
232,15.04606,11000.000351999628,0.26740331491712704,10380.85742,58.035,0.222913461459487,0.17044859368886392
233,14.46501,11000.500352015628,0.2668508287292818,10381.32715,58.337,0.2278172222318497,0.1768234962781095
234,14.51887,11001.000352031628,0.2646408839779006,10381.79688,58.87600000000001,0.2292931762466197,0.18840369518366454
235,14.47711,11001.500352047628,0.26298342541436465,10382.2666,59.125,0.2310708501666281,0.1938423471495058
236,14.204820000000002,11002.000352063627,0.26132596685082865,10382.73535,59.125,0.2347545637511141,0.1938423471495058
237,13.633729999999998,11002.500352079629,0.253038674033149,10383.20508,58.164,0.2474686730187949,0.17316177865263613
238,13.04862,11003.000352095627,0.25635359116022105,10383.6748,57.262,0.24968518800286976,0.1544942789288041
239,13.842479999999998,11003.500352111629,0.26298342541436465,10384.14355,55.975,0.2363083931086768,0.1290516543511238
240,15.46516,11004.000352127627,0.2618784530386739,10384.61328,54.4,0.2245109366078648,0.0997263983407665
241,15.9558,11004.500352143628,0.2558011049723757,10385.08301,53.947,0.22628343830495284,0.0916442017068815
242,16.44197,11005.000352159626,0.25524861878453026,10385.55273,53.613,0.22339536121934728,0.08578265986088078
243,15.61154,11005.500352175624,0.2646408839779006,10386.02148,53.613,0.2211233807143114,0.08578265986088078
244,14.87775,11006.000352191626,0.2668508287292818,10386.49121,52.037,0.22463493228416667,0.059205211542875814
245,14.56189,11006.500352207628,0.2696132596685083,10386.96094,50.462,0.2247317103382193,0.03434190398069452
246,14.42424,11007.000352223626,0.2696132596685083,10387.42969,49.95,0.22580146752159275,0.026606498451772605
247,14.7988,11007.500352239624,0.2718232044198895,10387.89941,49.675,0.2211132147790462,0.0225197579687527
248,15.35016,11008.000352255625,0.27127071823204424,10388.36914,50.462,0.21754800582168216,0.03434190398069452
249,15.30216,11008.500352271623,0.2657458563535911,10388.83887,52.825,0.222418857911288,0.07227450588747696
250,14.76065,11009.000352287625,0.2668508287292818,10389.30762,52.825,0.2255242151381733,0.07227450588747696
251,13.95947,11009.500352303623,0.2607734806629834,10389.77734,52.037,0.2373103001304445,0.059205211542875814
252,13.63004,11010.000352319625,0.2607734806629834,10390.24707,52.037,0.24016100277387176,0.059205211542875814
253,13.48867,11010.500352335624,0.2624309392265194,10390.71582,52.037,0.2398915096864724,0.059205211542875814
254,14.329529999999998,11011.000352351624,0.25966850828729265,10391.18555,51.25,0.2352226948112087,0.04657630229802427
255,15.74843,11011.500352367624,0.2624309392265194,10391.65527,51.957,0.22201422939454574,0.057902355815887825
256,16.93862,11012.000352383622,0.25966850828729265,10392.12402,52.825,0.2163496423248155,0.07227450588747696
257,16.90897,11012.500352399622,0.2585635359116022,10392.59375,50.462,0.217464625954714,0.03434190398069452
258,16.39049,11013.000352415622,0.2541436464088397,10393.06348,50.845,0.2247187196690118,0.0402378570031306
259,15.81967,11013.500352431622,0.25635359116022105,10393.5332,51.25,0.2267651761278809,0.04657630229802427
260,15.58889,11014.00035244762,0.26298342541436465,10394.00195,50.856,0.22267861071173767,0.04040859462662552
261,15.32444,11014.500352463621,0.2646408839779006,10394.47168,50.462,0.22318511783494432,0.03434190398069452
262,14.66508,11015.00035247962,0.26298342541436465,10394.94141,48.887,0.22958519624570625,0.011066920635655932
263,13.61338,11015.500352495621,0.2569060773480662,10395.41016,48.887,0.2439254503366632,0.011066920635655932
264,13.06304,11016.00035251162,0.25635359116022105,10395.87988,49.837,0.24954733898086245,0.02492151653625711
265,13.30836,11016.500352527619,0.2569060773480662,10396.34961,51.25,0.2467049304448969,0.04657630229802427
266,13.98584,11017.00035254362,0.2541436464088397,10396.81836,52.825,0.2432713373552524,0.07227450588747696
267,14.12135,11017.500352559618,0.2585635359116022,10397.28809,52.825,0.2379628109402751,0.07227450588747696
268,13.84058,11018.00035257562,0.2618784530386739,10397.75781,52.825,0.23732176272644576,0.07227450588747696
269,13.20411,11018.500352591622,0.2657458563535911,10398.22656,52.825,0.2394381833932284,0.07227450588747696
270,12.3711,11019.00035260762,0.26740331491712704,10398.69629,54.4,0.24583489664393984,0.0997263983407665
271,11.51695,11019.500352623621,0.2607734806629834,10399.16602,53.976000000000006,0.2612656489798164,0.09215702022878372
272,10.99696,11020.00035263962,0.25524861878453026,10399.63477,53.613,0.2731585217845728,0.08578265986088078
273,10.65567,11020.50035265562,0.2618784530386739,10400.10449,55.00899999999999,0.27047325609441925,0.11083653739369666
274,9.98858,11021.000352671621,0.26298342541436465,10400.57422,55.975,0.2781853295593389,0.1290516543511238
275,8.84397,11021.500352687619,0.2585635359116022,10401.04297,57.55,0.30069317351530434,0.16037811541519292
276,7.547060000000001,11022.00035270362,0.2646408839779006,10401.5127,57.911,0.3180304013596124,0.16785436252011193
277,6.40451,11022.500352719619,0.25966850828729265,10401.98242,58.337,0.3518456937851066,0.1768234962781095
278,5.711,11023.000352735618,0.2524861878453038,10402.45215,58.869,0.38319582784613,0.1882516201140652
279,5.5409,11023.500352751618,0.2541436464088397,10402.9209,59.125,0.3864960540006501,0.1938423471495058
280,5.88079,11024.000352767618,0.2469613259668509,10403.39063,63.172,0.3860714558747945,0.2906798215957709
287,14.90073,11027.500352879617,0.2475138121546961,10406.67676,63.718,0.2419977150503493,0.3050477691533382
288,14.66419,11028.000352895615,0.2513812154696133,10407.14551,63.017,0.2401887245157341,0.28666057206426715
289,14.440170000000002,11028.500352911617,0.253038674033149,10407.61523,61.271,0.24045921281245924,0.2431442858986336
290,14.54498,11029.000352927616,0.2585635359116022,10408.08496,59.742,0.23447180936611145,0.2075659790073552
291,15.03209,11029.500352943616,0.2569060773480662,10408.55371,61.038,0.2321295425417136,0.2375742680982798
292,15.87324,11030.000352959616,0.2541436464088397,10409.02344,63.45399999999999,0.228350742994272,0.2980595685724173
305,11.90438,11036.500353167614,0.2497237569060773,10415.125,61.928,0.26834976944428035,0.2591464347417708
306,13.21648,11037.000353183614,0.254696132596685,10415.59473,58.324,0.2497090170690477,0.17654741472884822
307,14.25239,11037.500353199614,0.26298342541436465,10416.06445,56.72,0.23288539343813736,0.14361199873552913
308,14.918829999999998,11038.000353215613,0.26740331491712704,10416.5332,56.789,0.22386196308026032,0.14498368737424075
309,15.49004,11038.500353231611,0.25911602209944745,10417.00293,57.51300000000001,0.2267221439536664,0.15961822371929696
310,15.61953,11039.000353247613,0.2607734806629834,10417.47168,58.601000000000006,0.2243453501552124,0.182462745209808
311,15.43245,11039.500353263611,0.2524861878453038,10417.94141,59.434,0.23310919935366595,0.20067092186972008
312,15.33504,11040.000353279613,0.2491712707182321,10418.41113,60.133,0.2369594611764839,0.2164483244320591
313,15.54886,11040.500353295613,0.2475138121546961,10418.87988,60.666,0.2369003822399408,0.2287933504028249
314,16.0672,11041.000353311609,0.2475138121546961,10419.34961,60.155,0.2330477628340879,0.21695243712232787
315,16.60335,11041.500353327612,0.2535911602209945,10419.81934,59.495,0.2237600266356178,0.20202944186785585
316,17.2503,11042.000353343608,0.2585635359116022,10420.28809,58.894,0.21530240093200825,0.1887949503035008
317,17.5295,11042.500353359612,0.2524861878453038,10420.75781,58.774,0.21872180821814147,0.18619214983898685
318,17.24765,11043.000353375613,0.2541436464088397,10421.22754,59.47,0.2190636174927612,0.20147225129137414
319,16.655920000000002,11043.500353391611,0.25966850828729265,10421.69629,60.144,0.21817796217320226,0.21670032267187034
320,16.0667,11044.000353407613,0.2580110497237569,10422.16602,60.752,0.2235696408971725,0.2308111974476036
321,15.70778,11044.500353423611,0.2513812154696133,10422.63477,61.232,0.2320728044327426,0.2422081707565996
322,15.55647,11045.000353439611,0.2541436464088397,10423.10449,59.912,0.23066393283164804,0.21140998860859464
323,15.149679999999998,11045.50035345561,0.253038674033149,10423.57422,59.912,0.2347609424440248,0.21140998860859464
324,14.74625,11046.000353471609,0.2480662983425413,10424.04297,59.912,0.2427201964034949,0.21140998860859464
325,14.39402,11046.50035348761,0.2403314917127072,10424.5127,59.624,0.25357868433948993,0.2049138425838612
326,13.70568,11047.000353503608,0.2436464088397789,10424.98242,58.744,0.25633279249516505,0.1855434926440254
327,13.33996,11047.50035351961,0.23867403314917124,10425.45117,57.88,0.2652357385214076,0.16720790870807276
328,13.16227,11048.00035353561,0.2392265193370165,10425.9209,57.364,0.266403396815052,0.1565700196533037
329,12.68753,11048.500353551608,0.2436464088397789,10426.38965,57.053,0.2664194463986108,0.15026866581598528
330,12.10789,11049.00035356761,0.2535911602209945,10426.85938,56.66,0.2620270534669765,0.14242244633150536
331,11.43515,11049.500353583608,0.2508287292817678,10427.3291,56.255,0.2725939835928982,0.13447074088992866
332,10.75492,11050.00035359961,0.2469613259668509,10427.79785,56.022,0.2854841075855185,0.12995685083091124
333,9.93676,11050.500353615613,0.2497237569060773,10428.26758,55.99800000000001,0.2937191190737141,0.12949440004562965
334,9.09515,11051.000353631609,0.2441988950276241,10428.73633,55.56800000000001,0.3139538764469303,0.12128717120891615
335,8.62372,11051.500353647607,0.2453038674033149,10429.20605,55.107,0.32096875553814824,0.11265101456315015
336,8.71115,11052.000353663609,0.2502762430939225,10429.67578,55.24100000000001,0.3130092010629519,0.11514412794278152
337,8.9126,11052.500353679607,0.2436464088397789,10430.14453,56.24,0.3178719855994013,0.13417881762371126
338,9.01036,11053.000353695608,0.2303867403314916,10430.61426,57.731,0.3343381426861365,0.16411245372795585
339,8.90906,11053.500353711608,0.21988950276243105,10431.08398,59.96,0.3522849078742344,0.21250032384471992
340,8.66951,11054.000353727608,0.21602209944751385,10431.55273,62.062,0.3635122232244812,0.2624646443712375
351,10.84649,11059.500353903606,0.2232044198895027,10436.71582,61.537,0.3145336225807369,0.24957004498058336
352,12.05802,11060.000353919608,0.22154696132596674,10437.18457,58.325,0.3005458112508371,0.17656864643077633
353,10.0973,11060.500353935606,0.2276243093922652,10437.6543,57.822,0.3196636147766675,0.16600066806202493
354,9.90781,11061.000353951606,0.23480662983425404,10438.12402,57.55,0.3128349648614571,0.16037811541519292
355,9.85978,11061.500353967605,0.2353591160220993,10438.59277,57.55,0.3128598556799477,0.16037811541519292
356,9.99735,11062.000353983603,0.2320441988950276,10439.0625,57.55,0.3151383910118804,0.16037811541519292
357,10.00197,11062.500353999605,0.2342541436464088,10439.53125,57.55,0.31209328299415834,0.16037811541519292
358,9.74202,11063.000354015603,0.2397790055248617,10440.00098,58.674,0.3089433234539603,0.18403312731203825
359,9.62058,11063.500354031605,0.2441988950276241,10440.46973,59.90600000000001,0.3052601793651559,0.21127385087674494
360,9.61529,11064.000354047605,0.2419889502762429,10440.93945,62.253,0.3081326705705492,0.2672266613968064
361,9.51511,11064.500354063604,0.23480662983425404,10441.40918,61.398,0.31922523500832817,0.2462032873769981
362,9.47081,11065.000354079604,0.2353591160220993,10441.87793,60.817,0.31921985130128183,0.2323411478935317
363,9.59714,11065.500354095602,0.2320441988950276,10442.34766,61.737,0.3216420686144976,0.2544488458125826
364,9.80239,11066.000354111602,0.2320441988950276,10442.81641,62.161,0.3182568595212129,0.2649281558538322
365,10.20494,11066.500354127602,0.2287292817679556,10443.28613,60.785,0.31643716367902675,0.2315874206175807
366,10.97707,11067.000354143602,0.22099447513812148,10443.75586,61.382,0.31578379809115803,0.24581700428115674
367,11.644,11067.500354159602,0.22099447513812148,10444.22461,62.275,0.3066069269752168,0.26777761841417835
368,11.91959,11068.000354175601,0.2287292817679556,10444.69434,61.462,0.29279391879969946,0.2477510128543885
369,12.03634,11068.5003541916,0.2342541436464088,10445.16309,60.749,0.2844984940970609,0.2307406849284112
370,12.46656,11069.0003542076,0.225414364640884,10445.63281,60.351000000000006,0.2905089878102301,0.22146420075951376
371,13.03315,11069.5003542236,0.222099447513812,10446.10156,58.096,0.2883648373046234,0.17172974438800145
372,13.334179999999998,11070.000354239599,0.2276243093922652,10446.57129,56.232,0.2781715300661754,0.13402320024366055
373,13.259670000000002,11070.5003542556,0.23701657458563524,10447.04102,54.75899999999999,0.2678979572281327,0.106241386016086
374,12.91741,11071.000354271599,0.24088397790055244,10447.50977,53.465,0.2670661468759841,0.0832114508806902
375,12.49156,11071.5003542876,0.23867403314917124,10447.97949,52.037,0.274094907111553,0.059205211542875814
376,12.07183,11072.000354303602,0.2397790055248617,10448.44824,52.037,0.2775343655696346,0.059205211542875814
377,11.65164,11072.5003543196,0.23867403314917124,10448.91797,52.037,0.2838022121779946,0.059205211542875814
378,11.27783,11073.0003543356,0.2441988950276241,10449.38672,51.25,0.2819408539545469,0.04657630229802427
379,10.9138,11073.5003543516,0.2441988950276241,10449.85645,51.25,0.2866043563187193,0.04657630229802427
380,10.46252,11074.0003543676,0.23093922651933685,10450.3252,53.931,0.3095270579065314,0.0913615340596347
381,9.92779,11074.500354383601,0.2270718232044199,10450.79492,55.975,0.32316546154954023,0.1290516543511238
382,9.42485,11075.000354399599,0.2232044198895027,10451.26465,58.731,0.3374228299275324,0.18526266105826436
383,9.11845,11075.5003544156,0.21657458563535906,10451.7334,60.7,0.3535464449010678,0.2295902346391732
388,10.38254,11078.000354495598,0.2375690607734805,10454.08008,63.504,0.30204579224867834,0.2993771625344825
389,10.20011,11078.5003545116,0.23701657458563524,10454.5498,61.488,0.3054452193813139,0.2483809632110543
390,10.47167,11079.000354527598,0.23867403314917124,10455.01855,55.975,0.29936521207762656,0.1290516543511238
391,11.35459,11079.500354543596,0.2292817679558012,10455.48828,52.825,0.2992672734196501,0.07227450588747696
392,12.38688,11080.000354559597,0.23701657458563524,10455.95703,53.088,0.2771754713490077,0.07673342648734087
393,13.1777,11080.500354575595,0.2486187845303865,10456.42676,53.613,0.2561891484613296,0.08578265986088078
394,13.88628,11081.000354591597,0.2475138121546961,10456.89551,54.65,0.2506813812941981,0.10425292405480872
395,15.07566,11081.500354607595,0.2480662983425413,10457.36523,55.975,0.2400537772194479,0.1290516543511238
396,16.58884,11082.000354623597,0.25635359116022105,10457.83398,55.975,0.22144560347538889,0.1290516543511238
397,18.28405,11082.500354639596,0.2618784530386739,10458.30371,55.975,0.20648024663066367,0.1290516543511238
398,19.22909,11083.000354655596,0.2696132596685083,10458.77246,56.54,0.1955662301027896,0.1400522972735027
399,19.37668,11083.500354671596,0.2679558011049723,10459.24219,56.762,0.19602507556235474,0.14444646715830695
400,19.10301,11084.000354687596,0.26906077348066304,10459.71191,58.337,0.1966134343691701,0.1768234962781095
401,18.52744,11084.500354703596,0.2624309392265194,10460.18066,62.275,0.2046876946656276,0.26777761841417835
402,17.78089,11085.000354719597,0.2569060773480662,10460.65039,63.062,0.2134338761215297,0.28782476223466663
403,16.47436,11085.500354735595,0.2458563535911601,10461.11914,62.275,0.2317014571782753,0.26777761841417835
404,15.71088,11086.000354751597,0.2469613259668509,10461.58887,60.7,0.23620292600270865,0.2295902346391732
405,15.12518,11086.500354767595,0.2464088397790053,10462.05762,58.337,0.2412725517845717,0.1768234962781095
406,14.64106,11087.000354783597,0.2331491712707181,10462.52734,57.55,0.25917573624447016,0.16037811541519292
407,13.95721,11087.500354799597,0.2320441988950276,10462.99609,57.55,0.2667131663245554,0.16037811541519292
408,13.04451,11088.000354815596,0.2276243093922652,10463.46582,57.55,0.2812431483943608,0.16037811541519292
409,11.51815,11088.500354831594,0.22375690607734794,10463.93457,55.975,0.3044715119481773,0.1290516543511238
410,10.32821,11089.000354847596,0.2259668508287292,10464.4043,55.187,0.31838838367030103,0.11413775575132262
411,9.14544,11089.500354863594,0.2337016574585636,10464.87305,56.103,0.32715260462815554,0.1315210611242826
412,8.52057,11090.000354879594,0.2303867403314916,10465.34277,56.762,0.3438132999377541,0.14444646715830695
413,8.11834,11090.500354895594,0.2292817679558012,10465.81152,58.898,0.3539250788214883,0.18888193597925296
414,7.67837,11091.000354911594,0.2276243093922652,10466.28125,61.488,0.3665737127259569,0.2483809632110543
415,7.34237,11091.500354927593,0.22044198895027625,10466.75098,63.61,0.3870811507160071,0.3021796105069393
427,10.13551,11097.500355119591,0.21878453038674028,10472.38184,61.488,0.3319518267365804,0.2483809632110543
428,10.38266,11098.000355135591,0.21878453038674028,10472.85059,60.307,0.3279771214834476,0.22044812707550207
429,10.47222,11098.500355151591,0.22265193370165748,10473.32031,58.337,0.3208991947501746,0.1768234962781095
430,10.21834,11099.00035516759,0.22044198895027625,10473.78906,56.929,0.32811794420263457,0.1477790435891527
431,9.99065,11099.50035518359,0.2193370165745855,10474.25879,55.187,0.3335075522793926,0.11413775575132262
432,9.65079,11100.00035519959,0.22099447513812148,10474.72754,54.4,0.336784137426192,0.0997263983407665
433,9.519,11100.50035521559,0.225414364640884,10475.19629,56.762,0.3324583350312797,0.14444646715830695
434,9.10252,11101.000355231592,0.2270718232044199,10475.66602,55.975,0.3374973827535728,0.1290516543511238
435,8.48349,11101.50035524759,0.2259668508287292,10476.13477,56.762,0.35130349296552865,0.14444646715830695
436,8.0898,11102.000355263592,0.2259668508287292,10476.60449,55.907,0.3597500405988959,0.1277451606424233
437,7.77067,11102.50035527959,0.2232044198895027,10477.07324,55.187,0.3716057744603979,0.11413775575132262
438,7.7118699999999984,11103.000355295591,0.21878453038674028,10477.54297,52.037,0.3805555115374175,0.059205211542875814
439,7.54825,11103.500355311591,0.21049723756906066,10478.01172,51.25,0.3998019781177821,0.04657630229802427
440,7.371639999999998,11104.000355327593,0.21215469613259666,10478.48047,51.25,0.4014022187689778,0.04657630229802427
446,6.72118,11107.000355423588,0.21988950276243105,10481.2959,52.082,0.4055899795185737,0.05993998996405764
447,6.8052,11107.500355439588,0.22099447513812148,10481.76465,53.933,0.4010630147940037,0.09139685714972792
448,6.7681,11108.000355455588,0.2276243093922652,10482.2334,57.01300000000001,0.3904473257561501,0.1494641476748622
449,6.8887399999999985,11108.500355471588,0.2342541436464088,10482.70215,60.505,0.3760601359310476,0.2250352515280923
450,7.247000000000001,11109.000355487588,0.2436464088397789,10483.17188,61.099,0.35251315778167824,0.23902726083231174
451,7.990989999999999,11109.500355503591,0.25524861878453026,10483.64063,63.45399999999999,0.32044299554666483,0.2980595685724173
455,9.37206,11111.500355567588,0.2541436464088397,10485.5166,61.857,0.2971787080003152,0.2573958176482452
456,8.48168,11112.000355583586,0.2453038674033149,10485.98535,59.158,0.32364517764698403,0.1945674014442904
457,8.15514,11112.500355599585,0.2447513812154697,10486.4541,56.034,0.3308061808102411,0.13018825072910878
458,7.95225,11113.000355615586,0.2403314917127072,10486.92383,54.2,0.3411605318077164,0.09613917334275653
459,7.89295,11113.500355631588,0.23093922651933685,10487.39258,53.338,0.3563666827889133,0.08101775558805267
